station_id,regularity_corr_today_vs_typical
"('10003', '00:15')",
"('10003', '00:30')",
"('10003', '00:45')",
"('10004', '00:15')",
"('10004', '00:45')",
"('10005', '00:15')",
"('10005', '00:30')",
"('10005', '00:45')",
"('10006', '00:15')",
"('10006', '00:45')",
"('10008', '00:30')",
"('10008', '00:45')",
"('10009', '00:30')",
"('10009', '00:45')",
"('1001', '00:15')",
"('1001', '00:30')",
"('1001', '00:45')",
"('10010', '00:15')",
"('10010', '00:30')",
"('10010', '00:45')",
"('10011', '00:15')",
"('10011', '00:30')",
"('10011', '00:45')",
"('10012', '00:15')",
"('10012', '00:30')",
"('10012', '00:45')",
"('10013', '00:15')",
"('10013', '00:30')",
"('10013', '00:45')",
"('10014', '00:15')",
"('10014', '00:30')",
"('10014', '00:45')",
"('10015', '00:15')",
"('10015', '00:30')",
"('10015', '00:45')",
"('10016', '00:15')",
"('10016', '00:30')",
"('10016', '00:45')",
"('10017', '00:15')",
"('10017', '00:30')",
"('10017', '00:45')",
"('10018', '00:30')",
"('10018', '00:45')",
"('10019', '00:15')",
"('10019', '00:45')",
"('1002', '00:15')",
"('1002', '00:30')",
"('1002', '00:45')",
"('10020', '00:15')",
"('10020', '00:30')",
"('10020', '00:45')",
"('10021', '00:15')",
"('10021', '00:45')",
"('10023', '00:15')",
"('10023', '00:30')",
"('10023', '00:45')",
"('10025', '00:15')",
"('10025', '00:30')",
"('10025', '00:45')",
"('10026', '00:15')",
"('10026', '00:30')",
"('10026', '00:45')",
"('10027', '00:15')",
"('10027', '00:30')",
"('10027', '00:45')",
"('10029', '00:15')",
"('10029', '00:30')",
"('10029', '00:45')",
"('1003', '00:15')",
"('1003', '00:30')",
"('1003', '00:45')",
"('10031', '00:15')",
"('10031', '00:30')",
"('10031', '00:45')",
"('10032', '00:15')",
"('10032', '00:30')",
"('10032', '00:45')",
"('10033', '00:15')",
"('10033', '00:30')",
"('10033', '00:45')",
"('10034', '00:15')",
"('10034', '00:45')",
"('10036', '00:15')",
"('10036', '00:30')",
"('10036', '00:45')",
"('10037', '00:15')",
"('10037', '00:30')",
"('10037', '00:45')",
"('10039', '00:15')",
"('10039', '00:45')",
"('10041', '00:15')",
"('10041', '00:30')",
"('10041', '00:45')",
"('10042', '00:15')",
"('10042', '00:30')",
"('10042', '00:45')",
"('1006', '00:15')",
"('1006', '00:45')",
"('1007', '00:15')",
"('1007', '00:30')",
"('1007', '00:45')",
"('1008', '00:15')",
"('1008', '00:30')",
"('1008', '00:45')",
"('10105', '00:30')",
"('10105', '00:45')",
"('10107', '00:15')",
"('10107', '00:30')",
"('10107', '00:45')",
"('10110', '00:15')",
"('10110', '00:30')",
"('10110', '00:45')",
"('10113', '00:15')",
"('10113', '00:30')",
"('10113', '00:45')",
"('10114', '00:15')",
"('10114', '00:30')",
"('10114', '00:45')",
"('10115', '00:15')",
"('10115', '00:30')",
"('10115', '00:45')",
"('1012', '00:15')",
"('1012', '00:30')",
"('1012', '00:45')",
"('1013', '00:15')",
"('1013', '00:30')",
"('1013', '00:45')",
"('1014', '00:15')",
"('1014', '00:30')",
"('1014', '00:45')",
"('1015', '00:15')",
"('1015', '00:30')",
"('1015', '00:45')",
"('10151', '00:15')",
"('10151', '00:30')",
"('10151', '00:45')",
"('1016', '00:15')",
"('1016', '00:45')",
"('10161', '00:15')",
"('10161', '00:30')",
"('10161', '00:45')",
"('10162', '00:15')",
"('10162', '00:30')",
"('10162', '00:45')",
"('10163', '00:30')",
"('10163', '00:45')",
"('10164', '00:30')",
"('10164', '00:45')",
"('10165', '00:15')",
"('10165', '00:30')",
"('10165', '00:45')",
"('10166', '00:15')",
"('10166', '00:30')",
"('10166', '00:45')",
"('1017', '00:15')",
"('1017', '00:30')",
"('1017', '00:45')",
"('1018', '00:15')",
"('1018', '00:30')",
"('1018', '00:45')",
"('1020', '00:15')",
"('1020', '00:30')",
"('1020', '00:45')",
"('10201', '00:15')",
"('10201', '00:30')",
"('10201', '00:45')",
"('10202', '00:15')",
"('10202', '00:30')",
"('10202', '00:45')",
"('10206', '00:30')",
"('10206', '00:45')",
"('1021', '00:15')",
"('1021', '00:30')",
"('1021', '00:45')",
"('1022', '00:15')",
"('1022', '00:30')",
"('1022', '00:45')",
"('1023', '00:15')",
"('1023', '00:30')",
"('1023', '00:45')",
"('1024', '00:15')",
"('1024', '00:30')",
"('1024', '00:45')",
"('1025', '00:15')",
"('1025', '00:30')",
"('1025', '00:45')",
"('1026', '00:15')",
"('1026', '00:30')",
"('1026', '00:45')",
"('11001', '00:15')",
"('11001', '00:30')",
"('11001', '00:45')",
"('11002', '00:15')",
"('11002', '00:30')",
"('11002', '00:45')",
"('11003', '00:30')",
"('11004', '00:15')",
"('11004', '00:30')",
"('11004', '00:45')",
"('11006', '00:30')",
"('11006', '00:45')",
"('11007', '00:15')",
"('11007', '00:30')",
"('11009', '00:15')",
"('11009', '00:30')",
"('11009', '00:45')",
"('11010', '00:45')",
"('11011', '00:15')",
"('11011', '00:30')",
"('11011', '00:45')",
"('11012', '00:15')",
"('11012', '00:30')",
"('11012', '00:45')",
"('11014', '00:15')",
"('11014', '00:30')",
"('11014', '00:45')",
"('11016', '00:30')",
"('11016', '00:45')",
"('11017', '00:15')",
"('11017', '00:30')",
"('11017', '00:45')",
"('11018', '00:15')",
"('11018', '00:30')",
"('11018', '00:45')",
"('11019', '00:15')",
"('11019', '00:30')",
"('11019', '00:45')",
"('1102', '00:15')",
"('1102', '00:30')",
"('1102', '00:45')",
"('11020', '00:15')",
"('11020', '00:30')",
"('11020', '00:45')",
"('11021', '00:15')",
"('11021', '00:30')",
"('11021', '00:45')",
"('11022', '00:15')",
"('11022', '00:45')",
"('11023', '00:15')",
"('11023', '00:30')",
"('11023', '00:45')",
"('11024', '00:15')",
"('11024', '00:30')",
"('11025', '00:15')",
"('11025', '00:30')",
"('11025', '00:45')",
"('11026', '00:15')",
"('11026', '00:30')",
"('11026', '00:45')",
"('11027', '00:15')",
"('11027', '00:30')",
"('11027', '00:45')",
"('11028', '00:15')",
"('11028', '00:45')",
"('11029', '00:15')",
"('11029', '00:30')",
"('11029', '00:45')",
"('11030', '00:15')",
"('11030', '00:30')",
"('11030', '00:45')",
"('11031', '00:15')",
"('11031', '00:30')",
"('11031', '00:45')",
"('11032', '00:15')",
"('11032', '00:30')",
"('11032', '00:45')",
"('11033', '00:30')",
"('11033', '00:45')",
"('11034', '00:15')",
"('11034', '00:30')",
"('11035', '00:15')",
"('11035', '00:30')",
"('11035', '00:45')",
"('11036', '00:15')",
"('11036', '00:30')",
"('11037', '00:15')",
"('11037', '00:30')",
"('11037', '00:45')",
"('11038', '00:15')",
"('11038', '00:30')",
"('11038', '00:45')",
"('11039', '00:15')",
"('11039', '00:30')",
"('11039', '00:45')",
"('11040', '00:15')",
"('11040', '00:30')",
"('11040', '00:45')",
"('11041', '00:30')",
"('11041', '00:45')",
"('11042', '00:15')",
"('11042', '00:30')",
"('11042', '00:45')",
"('11043', '00:15')",
"('11043', '00:30')",
"('11043', '00:45')",
"('11044', '00:15')",
"('11044', '00:30')",
"('11044', '00:45')",
"('11046', '00:15')",
"('11046', '00:30')",
"('11046', '00:45')",
"('11047', '00:15')",
"('11047', '00:30')",
"('11047', '00:45')",
"('11048', '00:15')",
"('11101', '00:30')",
"('11101', '00:45')",
"('11102', '00:15')",
"('11102', '00:30')",
"('11102', '00:45')",
"('11103', '00:15')",
"('11103', '00:30')",
"('11103', '00:45')",
"('11104', '00:15')",
"('11104', '00:30')",
"('11104', '00:45')",
"('11105', '00:15')",
"('11105', '00:30')",
"('11105', '00:45')",
"('11107', '00:15')",
"('11107', '00:45')",
"('11109', '00:15')",
"('11109', '00:30')",
"('11109', '00:45')",
"('11110', '00:15')",
"('11110', '00:30')",
"('11110', '00:45')",
"('11111', '00:30')",
"('11111', '00:45')",
"('11112', '00:30')",
"('11112', '00:45')",
"('11113', '00:15')",
"('11113', '00:30')",
"('11113', '00:45')",
"('11114', '00:15')",
"('11114', '00:30')",
"('11114', '00:45')",
"('11115', '00:15')",
"('11115', '00:30')",
"('11115', '00:45')",
"('1116', '00:15')",
"('1116', '00:30')",
"('1116', '00:45')",
"('1117', '00:15')",
"('1117', '00:30')",
"('1117', '00:45')",
"('1119', '00:15')",
"('1119', '00:30')",
"('1119', '00:45')",
"('1120', '00:30')",
"('1120', '00:45')",
"('11201', '00:15')",
"('11201', '00:30')",
"('11201', '00:45')",
"('12001', '00:15')",
"('12001', '00:30')",
"('12001', '00:45')",
"('12002', '00:15')",
"('12002', '00:30')",
"('12005', '00:15')",
"('12005', '00:30')",
"('12005', '00:45')",
"('12006', '00:15')",
"('12006', '00:45')",
"('12007', '00:15')",
"('12007', '00:45')",
"('12008', '00:30')",
"('12008', '00:45')",
"('12009', '00:15')",
"('12009', '00:30')",
"('12009', '00:45')",
"('1201', '00:15')",
"('1201', '00:30')",
"('1201', '00:45')",
"('12010', '00:15')",
"('12010', '00:30')",
"('12010', '00:45')",
"('12011', '00:15')",
"('12011', '00:30')",
"('12011', '00:45')",
"('12013', '00:15')",
"('12013', '00:30')",
"('12015', '00:15')",
"('12015', '00:45')",
"('12016', '00:15')",
"('12016', '00:30')",
"('12016', '00:45')",
"('12017', '00:15')",
"('12017', '00:30')",
"('12017', '00:45')",
"('12018', '00:15')",
"('12018', '00:30')",
"('12018', '00:45')",
"('12019', '00:45')",
"('12020', '00:15')",
"('12020', '00:30')",
"('12020', '00:45')",
"('12022', '00:30')",
"('12022', '00:45')",
"('12024', '00:30')",
"('12024', '00:45')",
"('12026', '00:15')",
"('12026', '00:45')",
"('12027', '00:15')",
"('12027', '00:30')",
"('12027', '00:45')",
"('12028', '00:15')",
"('12028', '00:45')",
"('12031', '00:15')",
"('12031', '00:30')",
"('12031', '00:45')",
"('12032', '00:15')",
"('12032', '00:30')",
"('12032', '00:45')",
"('12033', '00:15')",
"('12033', '00:45')",
"('12034', '00:30')",
"('12034', '00:45')",
"('12035', '00:15')",
"('12035', '00:30')",
"('12035', '00:45')",
"('12036', '00:30')",
"('12036', '00:45')",
"('12037', '00:15')",
"('12037', '00:45')",
"('12038', '00:15')",
"('12038', '00:45')",
"('12039', '00:15')",
"('12039', '00:30')",
"('12039', '00:45')",
"('12040', '00:15')",
"('12040', '00:30')",
"('12040', '00:45')",
"('12041', '00:15')",
"('12041', '00:30')",
"('12041', '00:45')",
"('12043', '00:30')",
"('12043', '00:45')",
"('12101', '00:15')",
"('12101', '00:30')",
"('12101', '00:45')",
"('12102', '00:15')",
"('12102', '00:30')",
"('12102', '00:45')",
"('12105', '00:15')",
"('12105', '00:30')",
"('12105', '00:45')",
"('12106', '00:15')",
"('12106', '00:30')",
"('12106', '00:45')",
"('12107', '00:15')",
"('12107', '00:30')",
"('12107', '00:45')",
"('12108', '00:15')",
"('12108', '00:30')",
"('12109', '00:15')",
"('12109', '00:30')",
"('12109', '00:45')",
"('12111', '00:15')",
"('12111', '00:30')",
"('12111', '00:45')",
"('12113', '00:15')",
"('12113', '00:30')",
"('12113', '00:45')",
"('12114', '00:15')",
"('12114', '00:30')",
"('12114', '00:45')",
"('12115', '00:15')",
"('12115', '00:30')",
"('12115', '00:45')",
"('12119', '00:15')",
"('12119', '00:30')",
"('12119', '00:45')",
"('12120', '00:15')",
"('12120', '00:30')",
"('12120', '00:45')",
"('12122', '00:30')",
"('12122', '00:45')",
"('12123', '00:30')",
"('12125', '00:15')",
"('12125', '00:30')",
"('12125', '00:45')",
"('12126', '00:30')",
"('12127', '00:15')",
"('12127', '00:30')",
"('12127', '00:45')",
"('12128', '00:15')",
"('12128', '00:30')",
"('12128', '00:45')",
"('12129', '00:15')",
"('12129', '00:45')",
"('12150', '00:15')",
"('12150', '00:30')",
"('12150', '00:45')",
"('12151', '00:15')",
"('12151', '00:30')",
"('12151', '00:45')",
"('12153', '00:15')",
"('12153', '00:30')",
"('12153', '00:45')",
"('12154', '00:15')",
"('12154', '00:30')",
"('12154', '00:45')",
"('12155', '00:15')",
"('12155', '00:30')",
"('12155', '00:45')",
"('12156', '00:15')",
"('12156', '00:45')",
"('12157', '00:15')",
"('12157', '00:30')",
"('12157', '00:45')",
"('12161', '00:30')",
"('12161', '00:45')",
"('12163', '00:15')",
"('12163', '00:45')",
"('12164', '00:15')",
"('12164', '00:30')",
"('12164', '00:45')",
"('12165', '00:15')",
"('12165', '00:30')",
"('12165', '00:45')",
"('12166', '00:15')",
"('12166', '00:30')",
"('12166', '00:45')",
"('12201', '00:15')",
"('12201', '00:30')",
"('12201', '00:45')",
"('12202', '00:15')",
"('12202', '00:30')",
"('12202', '00:45')",
"('12203', '00:15')",
"('12203', '00:30')",
"('12203', '00:45')",
"('12204', '00:15')",
"('12204', '00:30')",
"('12204', '00:45')",
"('13001', '00:15')",
"('13001', '00:30')",
"('13001', '00:45')",
"('13002', '00:15')",
"('13002', '00:30')",
"('13002', '00:45')",
"('13005', '00:15')",
"('13005', '00:45')",
"('13006', '00:15')",
"('13006', '00:30')",
"('13007', '00:15')",
"('13007', '00:30')",
"('13007', '00:45')",
"('13008', '00:15')",
"('13008', '00:30')",
"('13008', '00:45')",
"('13009', '00:15')",
"('13009', '00:30')",
"('13009', '00:45')",
"('13010', '00:15')",
"('13010', '00:30')",
"('13010', '00:45')",
"('13011', '00:30')",
"('13011', '00:45')",
"('13013', '00:15')",
"('13013', '00:45')",
"('13015', '00:15')",
"('13015', '00:30')",
"('13015', '00:45')",
"('13016', '00:30')",
"('13016', '00:45')",
"('13017', '00:15')",
"('13017', '00:30')",
"('13017', '00:45')",
"('13018', '00:15')",
"('13018', '00:30')",
"('13018', '00:45')",
"('13019', '00:15')",
"('13019', '00:45')",
"('13020', '00:15')",
"('13020', '00:30')",
"('13020', '00:45')",
"('13022', '00:15')",
"('13023', '00:15')",
"('13023', '00:45')",
"('13024', '00:15')",
"('13024', '00:30')",
"('13024', '00:45')",
"('13026', '00:15')",
"('13026', '00:30')",
"('13026', '00:45')",
"('13027', '00:15')",
"('13027', '00:45')",
"('13028', '00:15')",
"('13028', '00:30')",
"('13028', '00:45')",
"('13030', '00:15')",
"('13030', '00:30')",
"('13030', '00:45')",
"('13032', '00:15')",
"('13032', '00:30')",
"('13032', '00:45')",
"('13033', '00:15')",
"('13033', '00:30')",
"('13033', '00:45')",
"('13035', '00:15')",
"('13035', '00:30')",
"('13035', '00:45')",
"('13036', '00:15')",
"('13036', '00:30')",
"('13037', '00:15')",
"('13037', '00:30')",
"('13037', '00:45')",
"('13039', '00:15')",
"('13039', '00:45')",
"('13041', '00:30')",
"('13041', '00:45')",
"('13043', '00:15')",
"('13043', '00:30')",
"('13043', '00:45')",
"('13044', '00:15')",
"('13044', '00:30')",
"('13044', '00:45')",
"('13045', '00:30')",
"('13045', '00:45')",
"('13046', '00:30')",
"('13046', '00:45')",
"('13047', '00:15')",
"('13047', '00:30')",
"('13047', '00:45')",
"('13048', '00:15')",
"('13048', '00:30')",
"('13048', '00:45')",
"('13049', '00:15')",
"('13049', '00:30')",
"('13049', '00:45')",
"('13050', '00:30')",
"('13050', '00:45')",
"('13051', '00:15')",
"('13051', '00:30')",
"('13051', '00:45')",
"('13052', '00:15')",
"('13052', '00:30')",
"('13052', '00:45')",
"('13053', '00:15')",
"('13053', '00:30')",
"('13053', '00:45')",
"('13054', '00:15')",
"('13054', '00:30')",
"('13054', '00:45')",
"('13055', '00:15')",
"('13055', '00:30')",
"('13055', '00:45')",
"('13101', '00:15')",
"('13101', '00:30')",
"('13101', '00:45')",
"('13102', '00:15')",
"('13102', '00:30')",
"('13102', '00:45')",
"('13103', '00:30')",
"('13103', '00:45')",
"('13104', '00:15')",
"('13104', '00:30')",
"('13104', '00:45')",
"('13106', '00:15')",
"('13106', '00:30')",
"('13106', '00:45')",
"('13109', '00:30')",
"('13109', '00:45')",
"('13110', '00:15')",
"('13110', '00:45')",
"('13113', '00:15')",
"('13113', '00:30')",
"('13114', '00:15')",
"('13114', '00:30')",
"('13114', '00:45')",
"('13116', '00:15')",
"('13116', '00:30')",
"('13116', '00:45')",
"('13117', '00:15')",
"('13117', '00:30')",
"('13117', '00:45')",
"('13118', '00:15')",
"('13118', '00:30')",
"('13118', '00:45')",
"('13120', '00:15')",
"('13120', '00:30')",
"('13120', '00:45')",
"('13121', '00:15')",
"('13121', '00:30')",
"('13121', '00:45')",
"('13123', '00:15')",
"('13123', '00:30')",
"('13123', '00:45')",
"('13125', '00:15')",
"('13125', '00:30')",
"('13125', '00:45')",
"('13126', '00:15')",
"('13126', '00:45')",
"('13128', '00:15')",
"('13128', '00:30')",
"('13128', '00:45')",
"('13202', '00:15')",
"('13202', '00:30')",
"('13202', '00:45')",
"('13203', '00:15')",
"('13203', '00:30')",
"('13203', '00:45')",
"('13204', '00:15')",
"('13204', '00:30')",
"('13204', '00:45')",
"('13205', '00:15')",
"('13205', '00:30')",
"('13205', '00:45')",
"('13515', '00:15')",
"('13515', '00:30')",
"('13515', '00:45')",
"('13516', '00:15')",
"('13516', '00:45')",
"('14001', '00:15')",
"('14001', '00:45')",
"('14002', '00:15')",
"('14002', '00:30')",
"('14002', '00:45')",
"('14003', '00:15')",
"('14003', '00:30')",
"('14003', '00:45')",
"('14004', '00:15')",
"('14004', '00:45')",
"('14005', '00:15')",
"('14005', '00:30')",
"('14005', '00:45')",
"('14006', '00:15')",
"('14006', '00:30')",
"('14007', '00:15')",
"('14007', '00:45')",
"('14008', '00:15')",
"('14008', '00:30')",
"('14008', '00:45')",
"('14009', '00:15')",
"('14009', '00:45')",
"('14010', '00:15')",
"('14010', '00:45')",
"('14011', '00:30')",
"('14011', '00:45')",
"('14012', '00:15')",
"('14012', '00:30')",
"('14012', '00:45')",
"('14013', '00:15')",
"('14013', '00:30')",
"('14013', '00:45')",
"('14014', '00:15')",
"('14014', '00:30')",
"('14014', '00:45')",
"('14016', '00:15')",
"('14016', '00:30')",
"('14016', '00:45')",
"('14018', '00:15')",
"('14018', '00:30')",
"('14018', '00:45')",
"('14019', '00:15')",
"('14019', '00:30')",
"('14019', '00:45')",
"('14020', '00:15')",
"('14020', '00:30')",
"('14020', '00:45')",
"('14021', '00:15')",
"('14021', '00:30')",
"('14021', '00:45')",
"('14022', '00:15')",
"('14022', '00:30')",
"('14023', '00:15')",
"('14023', '00:30')",
"('14023', '00:45')",
"('14025', '00:15')",
"('14025', '00:30')",
"('14025', '00:45')",
"('14026', '00:15')",
"('14026', '00:45')",
"('14027', '00:15')",
"('14027', '00:30')",
"('14027', '00:45')",
"('14030', '00:15')",
"('14030', '00:30')",
"('14030', '00:45')",
"('14031', '00:15')",
"('14031', '00:30')",
"('14031', '00:45')",
"('14032', '00:15')",
"('14032', '00:30')",
"('14032', '00:45')",
"('14034', '00:15')",
"('14034', '00:30')",
"('14034', '00:45')",
"('14035', '00:15')",
"('14035', '00:30')",
"('14035', '00:45')",
"('14036', '00:30')",
"('14101', '00:30')",
"('14101', '00:45')",
"('14103', '00:30')",
"('14103', '00:45')",
"('14104', '00:15')",
"('14104', '00:30')",
"('14106', '00:15')",
"('14106', '00:30')",
"('14106', '00:45')",
"('14108', '00:15')",
"('14108', '00:30')",
"('14108', '00:45')",
"('14110', '00:15')",
"('14110', '00:30')",
"('14110', '00:45')",
"('14111', '00:15')",
"('14111', '00:30')",
"('14111', '00:45')",
"('14112', '00:15')",
"('14112', '00:30')",
"('14113', '00:15')",
"('14113', '00:30')",
"('14113', '00:45')",
"('14116', '00:15')",
"('14116', '00:45')",
"('14122', '00:15')",
"('14122', '00:30')",
"('14124', '00:15')",
"('14124', '00:30')",
"('14124', '00:45')",
"('14125', '00:15')",
"('14125', '00:30')",
"('14125', '00:45')",
"('14127', '00:15')",
"('14127', '00:30')",
"('14127', '00:45')",
"('14128', '00:15')",
"('14128', '00:30')",
"('14128', '00:45')",
"('14130', '00:15')",
"('14130', '00:30')",
"('14130', '00:45')",
"('14131', '00:15')",
"('14131', '00:30')",
"('14131', '00:45')",
"('14132', '00:15')",
"('14132', '00:30')",
"('14132', '00:45')",
"('14133', '00:30')",
"('14135', '00:45')",
"('14136', '00:15')",
"('14136', '00:30')",
"('14137', '00:15')",
"('14137', '00:30')",
"('14137', '00:45')",
"('14138', '00:15')",
"('14138', '00:30')",
"('14138', '00:45')",
"('14139', '00:15')",
"('14139', '00:30')",
"('14139', '00:45')",
"('14201', '00:15')",
"('14201', '00:30')",
"('15001', '00:30')",
"('15001', '00:45')",
"('15002', '00:15')",
"('15002', '00:30')",
"('15002', '00:45')",
"('15003', '00:15')",
"('15003', '00:30')",
"('15003', '00:45')",
"('15004', '00:15')",
"('15004', '00:45')",
"('15005', '00:15')",
"('15005', '00:45')",
"('15006', '00:15')",
"('15006', '00:30')",
"('15006', '00:45')",
"('15008', '00:15')",
"('15008', '00:30')",
"('15008', '00:45')",
"('15009', '00:15')",
"('15009', '00:45')",
"('15010', '00:15')",
"('15010', '00:30')",
"('15011', '00:30')",
"('15011', '00:45')",
"('15012', '00:30')",
"('15012', '00:45')",
"('15013', '00:15')",
"('15013', '00:30')",
"('15013', '00:45')",
"('15014', '00:15')",
"('15014', '00:30')",
"('15014', '00:45')",
"('15017', '00:15')",
"('15017', '00:30')",
"('15017', '00:45')",
"('15018', '00:15')",
"('15018', '00:30')",
"('15018', '00:45')",
"('15019', '00:15')",
"('15019', '00:30')",
"('15019', '00:45')",
"('15020', '00:15')",
"('15020', '00:30')",
"('15020', '00:45')",
"('15021', '00:30')",
"('15021', '00:45')",
"('15022', '00:30')",
"('15022', '00:45')",
"('15023', '00:15')",
"('15023', '00:30')",
"('15023', '00:45')",
"('15024', '00:15')",
"('15024', '00:30')",
"('15024', '00:45')",
"('15025', '00:15')",
"('15025', '00:30')",
"('15025', '00:45')",
"('15026', '00:15')",
"('15026', '00:30')",
"('15026', '00:45')",
"('15027', '00:15')",
"('15027', '00:30')",
"('15027', '00:45')",
"('15028', '00:15')",
"('15028', '00:30')",
"('15028', '00:45')",
"('15029', '00:15')",
"('15029', '00:30')",
"('15029', '00:45')",
"('15030', '00:30')",
"('15030', '00:45')",
"('15031', '00:15')",
"('15031', '00:45')",
"('15032', '00:15')",
"('15032', '00:30')",
"('15032', '00:45')",
"('15033', '00:30')",
"('15033', '00:45')",
"('15034', '00:15')",
"('15034', '00:30')",
"('15034', '00:45')",
"('15035', '00:15')",
"('15038', '00:15')",
"('15038', '00:45')",
"('15039', '00:15')",
"('15039', '00:30')",
"('15039', '00:45')",
"('15040', '00:15')",
"('15040', '00:30')",
"('15040', '00:45')",
"('15041', '00:15')",
"('15041', '00:30')",
"('15041', '00:45')",
"('15042', '00:15')",
"('15042', '00:30')",
"('15042', '00:45')",
"('15043', '00:15')",
"('15043', '00:30')",
"('15043', '00:45')",
"('15044', '00:15')",
"('15044', '00:30')",
"('15044', '00:45')",
"('15045', '00:15')",
"('15045', '00:30')",
"('15045', '00:45')",
"('15046', '00:15')",
"('15046', '00:30')",
"('15047', '00:15')",
"('15047', '00:30')",
"('15047', '00:45')",
"('15050', '00:15')",
"('15050', '00:30')",
"('15050', '00:45')",
"('15052', '00:15')",
"('15052', '00:30')",
"('15052', '00:45')",
"('15053', '00:15')",
"('15053', '00:30')",
"('15053', '00:45')",
"('15054', '00:15')",
"('15054', '00:30')",
"('15054', '00:45')",
"('15055', '00:30')",
"('15055', '00:45')",
"('15056', '00:15')",
"('15056', '00:30')",
"('15056', '00:45')",
"('15057', '00:30')",
"('15057', '00:45')",
"('15058', '00:15')",
"('15058', '00:30')",
"('15058', '00:45')",
"('15060', '00:15')",
"('15060', '00:30')",
"('15060', '00:45')",
"('15061', '00:15')",
"('15061', '00:30')",
"('15061', '00:45')",
"('15062', '00:15')",
"('15062', '00:30')",
"('15062', '00:45')",
"('15063', '00:15')",
"('15063', '00:30')",
"('15063', '00:45')",
"('15064', '00:15')",
"('15064', '00:30')",
"('15064', '00:45')",
"('15067', '00:15')",
"('15067', '00:30')",
"('15067', '00:45')",
"('15068', '00:15')",
"('15068', '00:30')",
"('15068', '00:45')",
"('15069', '00:15')",
"('15069', '00:45')",
"('15070', '00:15')",
"('15070', '00:30')",
"('15070', '00:45')",
"('15071', '00:30')",
"('15071', '00:45')",
"('15072', '00:15')",
"('15072', '00:30')",
"('15072', '00:45')",
"('15103', '00:15')",
"('15103', '00:30')",
"('15103', '00:45')",
"('15104', '00:15')",
"('15104', '00:30')",
"('15104', '00:45')",
"('15105', '00:15')",
"('15105', '00:30')",
"('15105', '00:45')",
"('15106', '00:15')",
"('15106', '00:30')",
"('15106', '00:45')",
"('15107', '00:30')",
"('15107', '00:45')",
"('15108', '00:15')",
"('15108', '00:30')",
"('15108', '00:45')",
"('15109', '00:15')",
"('15109', '00:30')",
"('15109', '00:45')",
"('15110', '00:15')",
"('15110', '00:30')",
"('15110', '00:45')",
"('15111', '00:30')",
"('15111', '00:45')",
"('15112', '00:15')",
"('15112', '00:30')",
"('15112', '00:45')",
"('15113', '00:15')",
"('15113', '00:30')",
"('15113', '00:45')",
"('15114', '00:15')",
"('15114', '00:30')",
"('15114', '00:45')",
"('15120', '00:30')",
"('15120', '00:45')",
"('15122', '00:15')",
"('15122', '00:30')",
"('15122', '00:45')",
"('15123', '00:15')",
"('15123', '00:30')",
"('15123', '00:45')",
"('15125', '00:15')",
"('15125', '00:45')",
"('15127', '00:30')",
"('15127', '00:45')",
"('15128', '00:15')",
"('15128', '00:30')",
"('15128', '00:45')",
"('15129', '00:15')",
"('15129', '00:30')",
"('15129', '00:45')",
"('15131', '00:15')",
"('15131', '00:30')",
"('15131', '00:45')",
"('15132', '00:45')",
"('15133', '00:15')",
"('15133', '00:30')",
"('15133', '00:45')",
"('15201', '00:15')",
"('15201', '00:30')",
"('15201', '00:45')",
"('15202', '00:15')",
"('15202', '00:30')",
"('15202', '00:45')",
"('15203', '00:15')",
"('15203', '00:30')",
"('15203', '00:45')",
"('15204', '00:15')",
"('15204', '00:45')",
"('15311', '00:15')",
"('15311', '00:45')",
"('16002', '00:15')",
"('16002', '00:30')",
"('16002', '00:45')",
"('16003', '00:15')",
"('16003', '00:30')",
"('16003', '00:45')",
"('16005', '00:15')",
"('16005', '00:30')",
"('16005', '00:45')",
"('16006', '00:15')",
"('16006', '00:30')",
"('16006', '00:45')",
"('16007', '00:15')",
"('16007', '00:30')",
"('16007', '00:45')",
"('16008', '00:15')",
"('16008', '00:30')",
"('16009', '00:15')",
"('16009', '00:30')",
"('16009', '00:45')",
"('16010', '00:15')",
"('16010', '00:30')",
"('16010', '00:45')",
"('16011', '00:15')",
"('16011', '00:45')",
"('16012', '00:30')",
"('16012', '00:45')",
"('16013', '00:15')",
"('16013', '00:30')",
"('16013', '00:45')",
"('16014', '00:15')",
"('16014', '00:45')",
"('16015', '00:15')",
"('16015', '00:30')",
"('16015', '00:45')",
"('16017', '00:15')",
"('16017', '00:30')",
"('16017', '00:45')",
"('16018', '00:15')",
"('16018', '00:30')",
"('16018', '00:45')",
"('16019', '00:15')",
"('16019', '00:45')",
"('16020', '00:15')",
"('16020', '00:45')",
"('16021', '00:15')",
"('16021', '00:30')",
"('16021', '00:45')",
"('16022', '00:15')",
"('16022', '00:30')",
"('16022', '00:45')",
"('16023', '00:15')",
"('16023', '00:30')",
"('16023', '00:45')",
"('16024', '00:15')",
"('16024', '00:30')",
"('16024', '00:45')",
"('16025', '00:15')",
"('16025', '00:30')",
"('16026', '00:15')",
"('16026', '00:30')",
"('16026', '00:45')",
"('16027', '00:15')",
"('16027', '00:30')",
"('16027', '00:45')",
"('16029', '00:15')",
"('16029', '00:30')",
"('16031', '00:15')",
"('16031', '00:45')",
"('16032', '00:15')",
"('16032', '00:30')",
"('16032', '00:45')",
"('16033', '00:15')",
"('16033', '00:30')",
"('16033', '00:45')",
"('16034', '00:30')",
"('16034', '00:45')",
"('16036', '00:15')",
"('16036', '00:45')",
"('16039', '00:15')",
"('16039', '00:30')",
"('16039', '00:45')",
"('16040', '00:15')",
"('16040', '00:30')",
"('16040', '00:45')",
"('16041', '00:15')",
"('16041', '00:30')",
"('16041', '00:45')",
"('16042', '00:30')",
"('16042', '00:45')",
"('16043', '00:15')",
"('16043', '00:30')",
"('16043', '00:45')",
"('16044', '00:15')",
"('16044', '00:30')",
"('16101', '00:15')",
"('16101', '00:30')",
"('16101', '00:45')",
"('16102', '00:15')",
"('16102', '00:30')",
"('16102', '00:45')",
"('16103', '00:15')",
"('16103', '00:30')",
"('16103', '00:45')",
"('16104', '00:15')",
"('16104', '00:30')",
"('16104', '00:45')",
"('16105', '00:15')",
"('16105', '00:30')",
"('16105', '00:45')",
"('16107', '00:15')",
"('16107', '00:30')",
"('16107', '00:45')",
"('16108', '00:15')",
"('16108', '00:30')",
"('16108', '00:45')",
"('16110', '00:15')",
"('16110', '00:30')",
"('16110', '00:45')",
"('16111', '00:15')",
"('16111', '00:30')",
"('16111', '00:45')",
"('16112', '00:15')",
"('16112', '00:30')",
"('16115', '00:15')",
"('16115', '00:30')",
"('16115', '00:45')",
"('16116', '00:15')",
"('16116', '00:30')",
"('16118', '00:15')",
"('16118', '00:30')",
"('16118', '00:45')",
"('16121', '00:15')",
"('16121', '00:30')",
"('16122', '00:30')",
"('16122', '00:45')",
"('16123', '00:15')",
"('16123', '00:30')",
"('16123', '00:45')",
"('16124', '00:15')",
"('16124', '00:30')",
"('16124', '00:45')",
"('16129', '00:15')",
"('16129', '00:30')",
"('16136', '00:15')",
"('16136', '00:30')",
"('16136', '00:45')",
"('16138', '00:15')",
"('16138', '00:30')",
"('16138', '00:45')",
"('16139', '00:15')",
"('16139', '00:30')",
"('16139', '00:45')",
"('16140', '00:15')",
"('16140', '00:30')",
"('16140', '00:45')",
"('16201', '00:15')",
"('16201', '00:30')",
"('16201', '00:45')",
"('17001', '00:15')",
"('17001', '00:30')",
"('17001', '00:45')",
"('17003', '00:30')",
"('17003', '00:45')",
"('17004', '00:15')",
"('17004', '00:30')",
"('17004', '00:45')",
"('17005', '00:15')",
"('17005', '00:30')",
"('17005', '00:45')",
"('17006', '00:15')",
"('17006', '00:30')",
"('17006', '00:45')",
"('17007', '00:15')",
"('17007', '00:30')",
"('17008', '00:15')",
"('17008', '00:30')",
"('17008', '00:45')",
"('17010', '00:15')",
"('17010', '00:30')",
"('17010', '00:45')",
"('17011', '00:30')",
"('17013', '00:15')",
"('17013', '00:30')",
"('17013', '00:45')",
"('17015', '00:15')",
"('17015', '00:30')",
"('17015', '00:45')",
"('17016', '00:15')",
"('17016', '00:30')",
"('17016', '00:45')",
"('17017', '00:30')",
"('17017', '00:45')",
"('17018', '00:15')",
"('17018', '00:30')",
"('17018', '00:45')",
"('17019', '00:15')",
"('17019', '00:45')",
"('17020', '00:15')",
"('17020', '00:30')",
"('17020', '00:45')",
"('17021', '00:15')",
"('17021', '00:30')",
"('17021', '00:45')",
"('17022', '00:15')",
"('17022', '00:30')",
"('17023', '00:15')",
"('17023', '00:30')",
"('17023', '00:45')",
"('17024', '00:15')",
"('17024', '00:45')",
"('17025', '00:15')",
"('17025', '00:30')",
"('17025', '00:45')",
"('17026', '00:15')",
"('17026', '00:30')",
"('17026', '00:45')",
"('17027', '00:15')",
"('17027', '00:30')",
"('17027', '00:45')",
"('17028', '00:15')",
"('17028', '00:30')",
"('17029', '00:15')",
"('17029', '00:30')",
"('17029', '00:45')",
"('17030', '00:15')",
"('17030', '00:30')",
"('17030', '00:45')",
"('17032', '00:15')",
"('17032', '00:30')",
"('17032', '00:45')",
"('17033', '00:15')",
"('17033', '00:30')",
"('17033', '00:45')",
"('17036', '00:15')",
"('17036', '00:30')",
"('17036', '00:45')",
"('17037', '00:30')",
"('17037', '00:45')",
"('17038', '00:15')",
"('17038', '00:30')",
"('17038', '00:45')",
"('17039', '00:15')",
"('17039', '00:30')",
"('17039', '00:45')",
"('17040', '00:15')",
"('17040', '00:30')",
"('17040', '00:45')",
"('17041', '00:15')",
"('17041', '00:30')",
"('17041', '00:45')",
"('17043', '00:15')",
"('17043', '00:30')",
"('17043', '00:45')",
"('17044', '00:15')",
"('17044', '00:30')",
"('17044', '00:45')",
"('17045', '00:15')",
"('17045', '00:30')",
"('17045', '00:45')",
"('17046', '00:15')",
"('17046', '00:30')",
"('17047', '00:15')",
"('17047', '00:30')",
"('17047', '00:45')",
"('17048', '00:15')",
"('17048', '00:30')",
"('17048', '00:45')",
"('17050', '00:15')",
"('17050', '00:30')",
"('17050', '00:45')",
"('17102', '00:15')",
"('17102', '00:30')",
"('17104', '00:15')",
"('17104', '00:30')",
"('17104', '00:45')",
"('17105', '00:15')",
"('17105', '00:30')",
"('17105', '00:45')",
"('17106', '00:15')",
"('17106', '00:30')",
"('17106', '00:45')",
"('17107', '00:30')",
"('17107', '00:45')",
"('17108', '00:15')",
"('17108', '00:45')",
"('17110', '00:15')",
"('17110', '00:30')",
"('17110', '00:45')",
"('17111', '00:30')",
"('17111', '00:45')",
"('17116', '00:15')",
"('17116', '00:30')",
"('17116', '00:45')",
"('17117', '00:15')",
"('17117', '00:30')",
"('17117', '00:45')",
"('17119', '00:15')",
"('17119', '00:30')",
"('17119', '00:45')",
"('17121', '00:30')",
"('17121', '00:45')",
"('17122', '00:15')",
"('17122', '00:30')",
"('17122', '00:45')",
"('17123', '00:15')",
"('17123', '00:30')",
"('17123', '00:45')",
"('17124', '00:30')",
"('17124', '00:45')",
"('17125', '00:15')",
"('17125', '00:30')",
"('17125', '00:45')",
"('17126', '00:15')",
"('17126', '00:30')",
"('17126', '00:45')",
"('17127', '00:15')",
"('17127', '00:30')",
"('17127', '00:45')",
"('17201', '00:15')",
"('17201', '00:30')",
"('17201', '00:45')",
"('17202', '00:15')",
"('17202', '00:30')",
"('17202', '00:45')",
"('17203', '00:15')",
"('17203', '00:30')",
"('17203', '00:45')",
"('17204', '00:15')",
"('17204', '00:30')",
"('17204', '00:45')",
"('18003', '00:30')",
"('18003', '00:45')",
"('18004', '00:15')",
"('18004', '00:45')",
"('18005', '00:15')",
"('18005', '00:30')",
"('18005', '00:45')",
"('18006', '00:15')",
"('18006', '00:30')",
"('18006', '00:45')",
"('18007', '00:15')",
"('18007', '00:30')",
"('18007', '00:45')",
"('18008', '00:15')",
"('18008', '00:30')",
"('18008', '00:45')",
"('18009', '00:15')",
"('18009', '00:30')",
"('18009', '00:45')",
"('18010', '00:15')",
"('18010', '00:30')",
"('18010', '00:45')",
"('18011', '00:15')",
"('18011', '00:30')",
"('18011', '00:45')",
"('18012', '00:15')",
"('18012', '00:30')",
"('18014', '00:15')",
"('18014', '00:30')",
"('18014', '00:45')",
"('18015', '00:15')",
"('18015', '00:30')",
"('18015', '00:45')",
"('18016', '00:15')",
"('18016', '00:45')",
"('18017', '00:15')",
"('18017', '00:30')",
"('18017', '00:45')",
"('18018', '00:15')",
"('18018', '00:30')",
"('18018', '00:45')",
"('18019', '00:15')",
"('18019', '00:30')",
"('18019', '00:45')",
"('18020', '00:30')",
"('18020', '00:45')",
"('18021', '00:30')",
"('18021', '00:45')",
"('18022', '00:15')",
"('18022', '00:30')",
"('18022', '00:45')",
"('18023', '00:15')",
"('18023', '00:45')",
"('18024', '00:15')",
"('18024', '00:30')",
"('18024', '00:45')",
"('18025', '00:15')",
"('18025', '00:30')",
"('18025', '00:45')",
"('18026', '00:15')",
"('18026', '00:30')",
"('18026', '00:45')",
"('18028', '00:30')",
"('18028', '00:45')",
"('18029', '00:30')",
"('18029', '00:45')",
"('18030', '00:15')",
"('18030', '00:30')",
"('18030', '00:45')",
"('18032', '00:15')",
"('18032', '00:30')",
"('18032', '00:45')",
"('18033', '00:15')",
"('18033', '00:30')",
"('18033', '00:45')",
"('18034', '00:15')",
"('18034', '00:45')",
"('18035', '00:15')",
"('18035', '00:30')",
"('18035', '00:45')",
"('18039', '00:15')",
"('18039', '00:30')",
"('18039', '00:45')",
"('18041', '00:15')",
"('18041', '00:30')",
"('18041', '00:45')",
"('18042', '00:15')",
"('18042', '00:30')",
"('18042', '00:45')",
"('18043', '00:15')",
"('18043', '00:30')",
"('18043', '00:45')",
"('18044', '00:15')",
"('18044', '00:30')",
"('18044', '00:45')",
"('18045', '00:15')",
"('18045', '00:30')",
"('18045', '00:45')",
"('18046', '00:15')",
"('18046', '00:30')",
"('18046', '00:45')",
"('18049', '00:15')",
"('18049', '00:30')",
"('18049', '00:45')",
"('18101', '00:15')",
"('18101', '00:30')",
"('18101', '00:45')",
"('18107', '00:15')",
"('18107', '00:30')",
"('18107', '00:45')",
"('18109', '00:30')",
"('18109', '00:45')",
"('18110', '00:15')",
"('18110', '00:30')",
"('18110', '00:45')",
"('18111', '00:15')",
"('18111', '00:30')",
"('18111', '00:45')",
"('18112', '00:15')",
"('18112', '00:30')",
"('18112', '00:45')",
"('18113', '00:15')",
"('18113', '00:30')",
"('18113', '00:45')",
"('18114', '00:15')",
"('18114', '00:30')",
"('18114', '00:45')",
"('18134', '00:15')",
"('18134', '00:30')",
"('18134', '00:45')",
"('18135', '00:15')",
"('18135', '00:30')",
"('18135', '00:45')",
"('18137', '00:30')",
"('18137', '00:45')",
"('18138', '00:15')",
"('18138', '00:30')",
"('18139', '00:30')",
"('18139', '00:45')",
"('18140', '00:15')",
"('18140', '00:30')",
"('18140', '00:45')",
"('18141', '00:15')",
"('18141', '00:30')",
"('18141', '00:45')",
"('18142', '00:15')",
"('18142', '00:30')",
"('18142', '00:45')",
"('18201', '00:15')",
"('18201', '00:30')",
"('18201', '00:45')",
"('18202', '00:30')",
"('18202', '00:45')",
"('18204', '00:15')",
"('18204', '00:30')",
"('18204', '00:45')",
"('18205', '00:15')",
"('18205', '00:30')",
"('18205', '00:45')",
"('18206', '00:15')",
"('18206', '00:30')",
"('18206', '00:45')",
"('19001', '00:15')",
"('19001', '00:30')",
"('19001', '00:45')",
"('19002', '00:15')",
"('19002', '00:30')",
"('19002', '00:45')",
"('19003', '00:15')",
"('19003', '00:30')",
"('19003', '00:45')",
"('19005', '00:15')",
"('19005', '00:30')",
"('19005', '00:45')",
"('19007', '00:15')",
"('19007', '00:30')",
"('19007', '00:45')",
"('19008', '00:15')",
"('19008', '00:30')",
"('19009', '00:15')",
"('19009', '00:30')",
"('19009', '00:45')",
"('19010', '00:15')",
"('19010', '00:45')",
"('19012', '00:45')",
"('19013', '00:15')",
"('19013', '00:30')",
"('19014', '00:15')",
"('19014', '00:30')",
"('19014', '00:45')",
"('19015', '00:15')",
"('19015', '00:30')",
"('19015', '00:45')",
"('19016', '00:15')",
"('19016', '00:30')",
"('19016', '00:45')",
"('19018', '00:15')",
"('19018', '00:30')",
"('19018', '00:45')",
"('19019', '00:15')",
"('19019', '00:30')",
"('19019', '00:45')",
"('19021', '00:15')",
"('19022', '00:30')",
"('19022', '00:45')",
"('19023', '00:30')",
"('19023', '00:45')",
"('19024', '00:15')",
"('19024', '00:30')",
"('19024', '00:45')",
"('19025', '00:15')",
"('19025', '00:30')",
"('19025', '00:45')",
"('19026', '00:15')",
"('19026', '00:30')",
"('19026', '00:45')",
"('19029', '00:15')",
"('19029', '00:30')",
"('19029', '00:45')",
"('19030', '00:15')",
"('19030', '00:30')",
"('19030', '00:45')",
"('19031', '00:30')",
"('19031', '00:45')",
"('19032', '00:15')",
"('19032', '00:30')",
"('19032', '00:45')",
"('19033', '00:15')",
"('19033', '00:30')",
"('19033', '00:45')",
"('19036', '00:15')",
"('19036', '00:30')",
"('19036', '00:45')",
"('19037', '00:30')",
"('19037', '00:45')",
"('19038', '00:15')",
"('19038', '00:30')",
"('19039', '00:15')",
"('19039', '00:30')",
"('19039', '00:45')",
"('19040', '00:30')",
"('19040', '00:45')",
"('19041', '00:15')",
"('19041', '00:30')",
"('19041', '00:45')",
"('19043', '00:15')",
"('19043', '00:30')",
"('19043', '00:45')",
"('19044', '00:30')",
"('19044', '00:45')",
"('19045', '00:15')",
"('19045', '00:30')",
"('19045', '00:45')",
"('19046', '00:15')",
"('19046', '00:30')",
"('19046', '00:45')",
"('19101', '00:15')",
"('19101', '00:30')",
"('19101', '00:45')",
"('19103', '00:30')",
"('19103', '00:45')",
"('19105', '00:15')",
"('19105', '00:30')",
"('19105', '00:45')",
"('19108', '00:30')",
"('19108', '00:45')",
"('19109', '00:15')",
"('19109', '00:30')",
"('19109', '00:45')",
"('19110', '00:15')",
"('19110', '00:30')",
"('19110', '00:45')",
"('19111', '00:30')",
"('19111', '00:45')",
"('19113', '00:15')",
"('19113', '00:30')",
"('19113', '00:45')",
"('19114', '00:15')",
"('19114', '00:30')",
"('19114', '00:45')",
"('19115', '00:15')",
"('19115', '00:30')",
"('19117', '00:15')",
"('19117', '00:45')",
"('19120', '00:15')",
"('19120', '00:30')",
"('19120', '00:45')",
"('19121', '00:30')",
"('19121', '00:45')",
"('19123', '00:15')",
"('19123', '00:30')",
"('19123', '00:45')",
"('19124', '00:15')",
"('19124', '00:30')",
"('19124', '00:45')",
"('19125', '00:30')",
"('19125', '00:45')",
"('19127', '00:15')",
"('19127', '00:30')",
"('19127', '00:45')",
"('19128', '00:15')",
"('19128', '00:30')",
"('19128', '00:45')",
"('19130', '00:15')",
"('19130', '00:30')",
"('19130', '00:45')",
"('19201', '00:30')",
"('19201', '00:45')",
"('19202', '00:15')",
"('19202', '00:30')",
"('19202', '00:45')",
"('19203', '00:15')",
"('19203', '00:30')",
"('19203', '00:45')",
"('19204', '00:15')",
"('19204', '00:45')",
"('19205', '00:15')",
"('19205', '00:30')",
"('19205', '00:45')",
"('20001', '00:15')",
"('20001', '00:45')",
"('20003', '00:15')",
"('20003', '00:30')",
"('20003', '00:45')",
"('20004', '00:15')",
"('20004', '00:30')",
"('20004', '00:45')",
"('20005', '00:30')",
"('20005', '00:45')",
"('20006', '00:15')",
"('20006', '00:45')",
"('20008', '00:15')",
"('20008', '00:30')",
"('20008', '00:45')",
"('20009', '00:15')",
"('20009', '00:45')",
"('2001', '00:15')",
"('2001', '00:30')",
"('2001', '00:45')",
"('20010', '00:15')",
"('20010', '00:30')",
"('20010', '00:45')",
"('20011', '00:15')",
"('20011', '00:30')",
"('20011', '00:45')",
"('20012', '00:15')",
"('20012', '00:45')",
"('20013', '00:15')",
"('20013', '00:30')",
"('20013', '00:45')",
"('20014', '00:15')",
"('20014', '00:30')",
"('20014', '00:45')",
"('20016', '00:15')",
"('20016', '00:30')",
"('20016', '00:45')",
"('20017', '00:15')",
"('20017', '00:30')",
"('20019', '00:30')",
"('20019', '00:45')",
"('2002', '00:30')",
"('2002', '00:45')",
"('20020', '00:15')",
"('20020', '00:30')",
"('20020', '00:45')",
"('20021', '00:15')",
"('20021', '00:30')",
"('20021', '00:45')",
"('20022', '00:30')",
"('20022', '00:45')",
"('20023', '00:15')",
"('20023', '00:30')",
"('20024', '00:15')",
"('20024', '00:45')",
"('20027', '00:15')",
"('20027', '00:30')",
"('20029', '00:45')",
"('2003', '00:15')",
"('2003', '00:30')",
"('20030', '00:15')",
"('20030', '00:30')",
"('20030', '00:45')",
"('20032', '00:30')",
"('20032', '00:45')",
"('20033', '00:15')",
"('20033', '00:30')",
"('20033', '00:45')",
"('20034', '00:45')",
"('20035', '00:15')",
"('20035', '00:30')",
"('20035', '00:45')",
"('20036', '00:15')",
"('20036', '00:30')",
"('20036', '00:45')",
"('20037', '00:15')",
"('20037', '00:30')",
"('20037', '00:45')",
"('20039', '00:15')",
"('20039', '00:30')",
"('20039', '00:45')",
"('2004', '00:15')",
"('2004', '00:30')",
"('2004', '00:45')",
"('20040', '00:15')",
"('20040', '00:30')",
"('20040', '00:45')",
"('20042', '00:15')",
"('20042', '00:30')",
"('20042', '00:45')",
"('20043', '00:15')",
"('20043', '00:30')",
"('20044', '00:15')",
"('20044', '00:30')",
"('20044', '00:45')",
"('20045', '00:15')",
"('20045', '00:30')",
"('20047', '00:15')",
"('20047', '00:30')",
"('20047', '00:45')",
"('20048', '00:15')",
"('20048', '00:30')",
"('20048', '00:45')",
"('2005', '00:15')",
"('2005', '00:30')",
"('2005', '00:45')",
"('2006', '00:15')",
"('2006', '00:30')",
"('2006', '00:45')",
"('2008', '00:15')",
"('2008', '00:30')",
"('2008', '00:45')",
"('2009', '00:30')",
"('2009', '00:45')",
"('2010', '00:15')",
"('2010', '00:30')",
"('2010', '00:45')",
"('20103', '00:15')",
"('20103', '00:30')",
"('20103', '00:45')",
"('20104', '00:15')",
"('20104', '00:30')",
"('20104', '00:45')",
"('20105', '00:15')",
"('20105', '00:45')",
"('20106', '00:15')",
"('20106', '00:30')",
"('20106', '00:45')",
"('20108', '00:15')",
"('20108', '00:30')",
"('20108', '00:45')",
"('20110', '00:30')",
"('20110', '00:45')",
"('20111', '00:15')",
"('20111', '00:30')",
"('20113', '00:30')",
"('20115', '00:15')",
"('20115', '00:30')",
"('20115', '00:45')",
"('20116', '00:30')",
"('20116', '00:45')",
"('20117', '00:15')",
"('20117', '00:30')",
"('20117', '00:45')",
"('20118', '00:15')",
"('20118', '00:30')",
"('20118', '00:45')",
"('20119', '00:15')",
"('20119', '00:30')",
"('2012', '00:15')",
"('2012', '00:30')",
"('2012', '00:45')",
"('20121', '00:15')",
"('20121', '00:30')",
"('20121', '00:45')",
"('20122', '00:15')",
"('20122', '00:30')",
"('20122', '00:45')",
"('2013', '00:15')",
"('2013', '00:30')",
"('2013', '00:45')",
"('20131', '00:15')",
"('20131', '00:30')",
"('20131', '00:45')",
"('20132', '00:15')",
"('20132', '00:30')",
"('20132', '00:45')",
"('20134', '00:15')",
"('20134', '00:30')",
"('20136', '00:15')",
"('20136', '00:30')",
"('20136', '00:45')",
"('20137', '00:15')",
"('20137', '00:30')",
"('20137', '00:45')",
"('2014', '00:15')",
"('2014', '00:30')",
"('20140', '00:15')",
"('20140', '00:30')",
"('20140', '00:45')",
"('20142', '00:15')",
"('20142', '00:30')",
"('20142', '00:45')",
"('20143', '00:15')",
"('20143', '00:30')",
"('20143', '00:45')",
"('2015', '00:15')",
"('2015', '00:30')",
"('2015', '00:45')",
"('2016', '00:15')",
"('2016', '00:45')",
"('2017', '00:15')",
"('2017', '00:30')",
"('2017', '00:45')",
"('2020', '00:15')",
"('2020', '00:30')",
"('2020', '00:45')",
"('20201', '00:30')",
"('20201', '00:45')",
"('20202', '00:15')",
"('20202', '00:30')",
"('20203', '00:15')",
"('20203', '00:30')",
"('20203', '00:45')",
"('2021', '00:15')",
"('2021', '00:45')",
"('2022', '00:15')",
"('2022', '00:30')",
"('2022', '00:45')",
"('21001', '00:15')",
"('21001', '00:30')",
"('21002', '00:30')",
"('21002', '00:45')",
"('21003', '00:15')",
"('21003', '00:30')",
"('21003', '00:45')",
"('21004', '00:15')",
"('21004', '00:45')",
"('21005', '00:15')",
"('21005', '00:30')",
"('21005', '00:45')",
"('21006', '00:15')",
"('21006', '00:30')",
"('21006', '00:45')",
"('21007', '00:15')",
"('21007', '00:30')",
"('21007', '00:45')",
"('21008', '00:15')",
"('21008', '00:30')",
"('21008', '00:45')",
"('21009', '00:15')",
"('21009', '00:45')",
"('2101', '00:15')",
"('2101', '00:30')",
"('2101', '00:45')",
"('21010', '00:15')",
"('21010', '00:30')",
"('21010', '00:45')",
"('21011', '00:15')",
"('21011', '00:30')",
"('21011', '00:45')",
"('21013', '00:30')",
"('21013', '00:45')",
"('21014', '00:15')",
"('21014', '00:30')",
"('21015', '00:15')",
"('21015', '00:30')",
"('21015', '00:45')",
"('21016', '00:15')",
"('21016', '00:30')",
"('21016', '00:45')",
"('21017', '00:15')",
"('21017', '00:30')",
"('21017', '00:45')",
"('21019', '00:15')",
"('21019', '00:30')",
"('21019', '00:45')",
"('2102', '00:15')",
"('2102', '00:30')",
"('2102', '00:45')",
"('21021', '00:15')",
"('21021', '00:30')",
"('21021', '00:45')",
"('21022', '00:15')",
"('21022', '00:30')",
"('21022', '00:45')",
"('21023', '00:30')",
"('21023', '00:45')",
"('21024', '00:15')",
"('21024', '00:30')",
"('21026', '00:15')",
"('21026', '00:30')",
"('21026', '00:45')",
"('21027', '00:15')",
"('21027', '00:30')",
"('21027', '00:45')",
"('21028', '00:30')",
"('21028', '00:45')",
"('21029', '00:15')",
"('21029', '00:30')",
"('21029', '00:45')",
"('21030', '00:15')",
"('21030', '00:30')",
"('21030', '00:45')",
"('21031', '00:15')",
"('21031', '00:30')",
"('21031', '00:45')",
"('21032', '00:15')",
"('21032', '00:30')",
"('21032', '00:45')",
"('21033', '00:15')",
"('21033', '00:30')",
"('21033', '00:45')",
"('2108', '00:15')",
"('2108', '00:30')",
"('2108', '00:45')",
"('2110', '00:15')",
"('2110', '00:30')",
"('2110', '00:45')",
"('21104', '00:15')",
"('21104', '00:30')",
"('21104', '00:45')",
"('21105', '00:15')",
"('21105', '00:30')",
"('21105', '00:45')",
"('21107', '00:15')",
"('21107', '00:30')",
"('21107', '00:45')",
"('21108', '00:15')",
"('21108', '00:30')",
"('21108', '00:45')",
"('21109', '00:15')",
"('21109', '00:30')",
"('21109', '00:45')",
"('2111', '00:15')",
"('2111', '00:30')",
"('2111', '00:45')",
"('21110', '00:15')",
"('21110', '00:45')",
"('21111', '00:15')",
"('21111', '00:30')",
"('21111', '00:45')",
"('21112', '00:15')",
"('21112', '00:30')",
"('21112', '00:45')",
"('21114', '00:30')",
"('21114', '00:45')",
"('21115', '00:15')",
"('21115', '00:30')",
"('21115', '00:45')",
"('21118', '00:15')",
"('21118', '00:30')",
"('21118', '00:45')",
"('21119', '00:15')",
"('21119', '00:30')",
"('21119', '00:45')",
"('21120', '00:15')",
"('21120', '00:30')",
"('21120', '00:45')",
"('21203', '00:15')",
"('21203', '00:30')",
"('21203', '00:45')",
"('21204', '00:30')",
"('21204', '00:45')",
"('21205', '00:15')",
"('21205', '00:30')",
"('21205', '00:45')",
"('21207', '00:15')",
"('21207', '00:30')",
"('21207', '00:45')",
"('21209', '00:15')",
"('21209', '00:30')",
"('21209', '00:45')",
"('21212', '00:15')",
"('21212', '00:30')",
"('21212', '00:45')",
"('21213', '00:15')",
"('21213', '00:30')",
"('21213', '00:45')",
"('21215', '00:15')",
"('21215', '00:30')",
"('21215', '00:45')",
"('21216', '00:15')",
"('21216', '00:30')",
"('21216', '00:45')",
"('21217', '00:15')",
"('21217', '00:45')",
"('21218', '00:30')",
"('21218', '00:45')",
"('21219', '00:15')",
"('21219', '00:30')",
"('21219', '00:45')",
"('21301', '00:15')",
"('21301', '00:30')",
"('21301', '00:45')",
"('21302', '00:15')",
"('21302', '00:30')",
"('21302', '00:45')",
"('21303', '00:30')",
"('21303', '00:45')",
"('21305', '00:15')",
"('21305', '00:30')",
"('21306', '00:30')",
"('21306', '00:45')",
"('21307', '00:15')",
"('21307', '00:45')",
"('21308', '00:15')",
"('21308', '00:30')",
"('21308', '00:45')",
"('21309', '00:30')",
"('21309', '00:45')",
"('21310', '00:30')",
"('21310', '00:45')",
"('21311', '00:15')",
"('21311', '00:30')",
"('21311', '00:45')",
"('21312', '00:15')",
"('21312', '00:30')",
"('21312', '00:45')",
"('21313', '00:15')",
"('21313', '00:30')",
"('21314', '00:30')",
"('21314', '00:45')",
"('21315', '00:15')",
"('21315', '00:45')",
"('21316', '00:15')",
"('21316', '00:30')",
"('21316', '00:45')",
"('21319', '00:15')",
"('21319', '00:30')",
"('21319', '00:45')",
"('21320', '00:15')",
"('21320', '00:30')",
"('21320', '00:45')",
"('21323', '00:15')",
"('21323', '00:30')",
"('21323', '00:45')",
"('21326', '00:15')",
"('21326', '00:30')",
"('21326', '00:45')",
"('21327', '00:15')",
"('21327', '00:30')",
"('21327', '00:45')",
"('21328', '00:15')",
"('21328', '00:30')",
"('21328', '00:45')",
"('21329', '00:15')",
"('21329', '00:30')",
"('21329', '00:45')",
"('21401', '00:15')",
"('21401', '00:45')",
"('21402', '00:30')",
"('21402', '00:45')",
"('21404', '00:15')",
"('21404', '00:30')",
"('21404', '00:45')",
"('21501', '00:15')",
"('21501', '00:30')",
"('21501', '00:45')",
"('21502', '00:15')",
"('21502', '00:30')",
"('21502', '00:45')",
"('21505', '00:15')",
"('21505', '00:45')",
"('21506', '00:15')",
"('21506', '00:30')",
"('21506', '00:45')",
"('21507', '00:30')",
"('21507', '00:45')",
"('21508', '00:15')",
"('21508', '00:30')",
"('21508', '00:45')",
"('21509', '00:15')",
"('21509', '00:45')",
"('21510', '00:15')",
"('21510', '00:30')",
"('21510', '00:45')",
"('21511', '00:15')",
"('21511', '00:30')",
"('21511', '00:45')",
"('21514', '00:15')",
"('21514', '00:30')",
"('21514', '00:45')",
"('21701', '00:30')",
"('21701', '00:45')",
"('21702', '00:15')",
"('21702', '00:30')",
"('21702', '00:45')",
"('21703', '00:30')",
"('21703', '00:45')",
"('21704', '00:15')",
"('21704', '00:30')",
"('21704', '00:45')",
"('21706', '00:15')",
"('21706', '00:45')",
"('21707', '00:15')",
"('21707', '00:30')",
"('21707', '00:45')",
"('21708', '00:15')",
"('21708', '00:30')",
"('21708', '00:45')",
"('21951', '00:15')",
"('21951', '00:45')",
"('21952', '00:15')",
"('21952', '00:30')",
"('21952', '00:45')",
"('21953', '00:15')",
"('21953', '00:30')",
"('21953', '00:45')",
"('21954', '00:15')",
"('21954', '00:30')",
"('21954', '00:45')",
"('21955', '00:15')",
"('21955', '00:30')",
"('21955', '00:45')",
"('22001', '00:15')",
"('22001', '00:30')",
"('22001', '00:45')",
"('22002', '00:15')",
"('22002', '00:30')",
"('22003', '00:15')",
"('22003', '00:30')",
"('22003', '00:45')",
"('22006', '00:15')",
"('22006', '00:30')",
"('22007', '00:15')",
"('22007', '00:30')",
"('22007', '00:45')",
"('22012', '00:15')",
"('22012', '00:30')",
"('22012', '00:45')",
"('22013', '00:15')",
"('22013', '00:30')",
"('22013', '00:45')",
"('22014', '00:15')",
"('22014', '00:30')",
"('22014', '00:45')",
"('22015', '00:30')",
"('22015', '00:45')",
"('22016', '00:15')",
"('22016', '00:30')",
"('22016', '00:45')",
"('22017', '00:15')",
"('22017', '00:30')",
"('22017', '00:45')",
"('22018', '00:15')",
"('22018', '00:30')",
"('22018', '00:45')",
"('22101', '00:30')",
"('22101', '00:45')",
"('22102', '00:15')",
"('22102', '00:30')",
"('22103', '00:15')",
"('22103', '00:45')",
"('22201', '00:15')",
"('22201', '00:45')",
"('22203', '00:15')",
"('22203', '00:30')",
"('22203', '00:45')",
"('22206', '00:15')",
"('22206', '00:30')",
"('22206', '00:45')",
"('22207', '00:15')",
"('22207', '00:30')",
"('22207', '00:45')",
"('22208', '00:15')",
"('22208', '00:30')",
"('22208', '00:45')",
"('22209', '00:15')",
"('22209', '00:30')",
"('22209', '00:45')",
"('22301', '00:15')",
"('22301', '00:30')",
"('22301', '00:45')",
"('22302', '00:15')",
"('22302', '00:30')",
"('22302', '00:45')",
"('22303', '00:30')",
"('22303', '00:45')",
"('22304', '00:15')",
"('22304', '00:30')",
"('22304', '00:45')",
"('22305', '00:15')",
"('22305', '00:45')",
"('22306', '00:30')",
"('22306', '00:45')",
"('22401', '00:15')",
"('22401', '00:30')",
"('22401', '00:45')",
"('22402', '00:15')",
"('22402', '00:30')",
"('22402', '00:45')",
"('22403', '00:15')",
"('22403', '00:45')",
"('22404', '00:15')",
"('22404', '00:30')",
"('22404', '00:45')",
"('22406', '00:15')",
"('22406', '00:30')",
"('22406', '00:45')",
"('22408', '00:15')",
"('22408', '00:45')",
"('22409', '00:15')",
"('22409', '00:30')",
"('22409', '00:45')",
"('22501', '00:15')",
"('22501', '00:30')",
"('22501', '00:45')",
"('22502', '00:15')",
"('22502', '00:30')",
"('22502', '00:45')",
"('22503', '00:15')",
"('22503', '00:30')",
"('22503', '00:45')",
"('22505', '00:15')",
"('22505', '00:30')",
"('22506', '00:15')",
"('22506', '00:30')",
"('22506', '00:45')",
"('22507', '00:15')",
"('22507', '00:30')",
"('22507', '00:45')",
"('22601', '00:15')",
"('22601', '00:30')",
"('22601', '00:45')",
"('22602', '00:15')",
"('22602', '00:30')",
"('22602', '00:45')",
"('22603', '00:15')",
"('22603', '00:30')",
"('22603', '00:45')",
"('22604', '00:15')",
"('22604', '00:30')",
"('22604', '00:45')",
"('22701', '00:30')",
"('22701', '00:45')",
"('22703', '00:15')",
"('22703', '00:30')",
"('22703', '00:45')",
"('23001', '00:15')",
"('23001', '00:30')",
"('23001', '00:45')",
"('23002', '00:15')",
"('23002', '00:30')",
"('23002', '00:45')",
"('23003', '00:30')",
"('23003', '00:45')",
"('23004', '00:15')",
"('23004', '00:30')",
"('23004', '00:45')",
"('23005', '00:15')",
"('23005', '00:30')",
"('23005', '00:45')",
"('23006', '00:15')",
"('23006', '00:30')",
"('23006', '00:45')",
"('23007', '00:15')",
"('23007', '00:30')",
"('23007', '00:45')",
"('23008', '00:15')",
"('23008', '00:30')",
"('23009', '00:15')",
"('23009', '00:30')",
"('23009', '00:45')",
"('23010', '00:15')",
"('23010', '00:30')",
"('23010', '00:45')",
"('23011', '00:15')",
"('23011', '00:45')",
"('23041', '00:15')",
"('23041', '00:30')",
"('23041', '00:45')",
"('23042', '00:15')",
"('23042', '00:30')",
"('23042', '00:45')",
"('23101', '00:15')",
"('23101', '00:30')",
"('23101', '00:45')",
"('23102', '00:15')",
"('23102', '00:30')",
"('23102', '00:45')",
"('23104', '00:15')",
"('23104', '00:30')",
"('23104', '00:45')",
"('23105', '00:15')",
"('23105', '00:30')",
"('23105', '00:45')",
"('23106', '00:15')",
"('23106', '00:30')",
"('23106', '00:45')",
"('23107', '00:15')",
"('23107', '00:30')",
"('23107', '00:45')",
"('23201', '00:15')",
"('23201', '00:30')",
"('23201', '00:45')",
"('23202', '00:15')",
"('23202', '00:30')",
"('23202', '00:45')",
"('23203', '00:15')",
"('23203', '00:30')",
"('23203', '00:45')",
"('23204', '00:15')",
"('23204', '00:30')",
"('23204', '00:45')",
"('23205', '00:15')",
"('23205', '00:30')",
"('23205', '00:45')",
"('23206', '00:15')",
"('23206', '00:30')",
"('23206', '00:45')",
"('23301', '00:15')",
"('23301', '00:30')",
"('23301', '00:45')",
"('23303', '00:15')",
"('23303', '00:30')",
"('23303', '00:45')",
"('23304', '00:15')",
"('23304', '00:30')",
"('23403', '00:30')",
"('23403', '00:45')",
"('23701', '00:15')",
"('23701', '00:30')",
"('23701', '00:45')",
"('23702', '00:15')",
"('23702', '00:45')",
"('23703', '00:15')",
"('23703', '00:30')",
"('23703', '00:45')",
"('23801', '00:15')",
"('23801', '00:30')",
"('23801', '00:45')",
"('23802', '00:30')",
"('23803', '00:15')",
"('23803', '00:30')",
"('23902', '00:15')",
"('23902', '00:30')",
"('23902', '00:45')",
"('23903', '00:30')",
"('23903', '00:45')",
"('24001', '00:30')",
"('24001', '00:45')",
"('24002', '00:15')",
"('24002', '00:30')",
"('24002', '00:45')",
"('24005', '00:15')",
"('24005', '00:30')",
"('24005', '00:45')",
"('24006', '00:15')",
"('24006', '00:45')",
"('24007', '00:15')",
"('24007', '00:30')",
"('24007', '00:45')",
"('24010', '00:15')",
"('24010', '00:30')",
"('24010', '00:45')",
"('24101', '00:15')",
"('24101', '00:30')",
"('24101', '00:45')",
"('25001', '00:30')",
"('25001', '00:45')",
"('25002', '00:15')",
"('25002', '00:30')",
"('25002', '00:45')",
"('25003', '00:15')",
"('25003', '00:30')",
"('25003', '00:45')",
"('25004', '00:15')",
"('25004', '00:30')",
"('25004', '00:45')",
"('25005', '00:15')",
"('25005', '00:30')",
"('25005', '00:45')",
"('25006', '00:15')",
"('25006', '00:30')",
"('25006', '00:45')",
"('25007', '00:30')",
"('25007', '00:45')",
"('25008', '00:15')",
"('25008', '00:30')",
"('25008', '00:45')",
"('25009', '00:15')",
"('25009', '00:30')",
"('25009', '00:45')",
"('25010', '00:15')",
"('25010', '00:30')",
"('25010', '00:45')",
"('26001', '00:15')",
"('26001', '00:30')",
"('26001', '00:45')",
"('26002', '00:15')",
"('26002', '00:30')",
"('26002', '00:45')",
"('26003', '00:15')",
"('26003', '00:30')",
"('26003', '00:45')",
"('26004', '00:30')",
"('26004', '00:45')",
"('26005', '00:15')",
"('26005', '00:30')",
"('26005', '00:45')",
"('26006', '00:15')",
"('26006', '00:45')",
"('26007', '00:15')",
"('26007', '00:30')",
"('26008', '00:15')",
"('26008', '00:30')",
"('26008', '00:45')",
"('26009', '00:15')",
"('26009', '00:30')",
"('26009', '00:45')",
"('26010', '00:15')",
"('26010', '00:30')",
"('26010', '00:45')",
"('26011', '00:15')",
"('26011', '00:30')",
"('26011', '00:45')",
"('26012', '00:15')",
"('26012', '00:30')",
"('26012', '00:45')",
"('26013', '00:30')",
"('26013', '00:45')",
"('27001', '00:15')",
"('27001', '00:30')",
"('27001', '00:45')",
"('27002', '00:30')",
"('27002', '00:45')",
"('27004', '00:15')",
"('27004', '00:30')",
"('27004', '00:45')",
"('27005', '00:15')",
"('27005', '00:30')",
"('27005', '00:45')",
"('27006', '00:15')",
"('27006', '00:30')",
"('27006', '00:45')",
"('27008', '00:15')",
"('27008', '00:30')",
"('27008', '00:45')",
"('28001', '00:30')",
"('28001', '00:45')",
"('28005', '00:15')",
"('28005', '00:30')",
"('28005', '00:45')",
"('30002', '00:15')",
"('30002', '00:30')",
"('30002', '00:45')",
"('30003', '00:15')",
"('30003', '00:30')",
"('30003', '00:45')",
"('30004', '00:30')",
"('30004', '00:45')",
"('30005', '00:15')",
"('30005', '00:30')",
"('30005', '00:45')",
"('3001', '00:15')",
"('3001', '00:30')",
"('3001', '00:45')",
"('3002', '00:15')",
"('3002', '00:45')",
"('3003', '00:45')",
"('3004', '00:15')",
"('3004', '00:30')",
"('3004', '00:45')",
"('3005', '00:15')",
"('3005', '00:30')",
"('3006', '00:45')",
"('3007', '00:15')",
"('3007', '00:30')",
"('3007', '00:45')",
"('3008', '00:15')",
"('3008', '00:30')",
"('3008', '00:45')",
"('3009', '00:15')",
"('3009', '00:30')",
"('3009', '00:45')",
"('3010', '00:15')",
"('3010', '00:45')",
"('3011', '00:15')",
"('3011', '00:45')",
"('3012', '00:15')",
"('3012', '00:30')",
"('3012', '00:45')",
"('31001', '00:15')",
"('31001', '00:45')",
"('31003', '00:15')",
"('31003', '00:30')",
"('31003', '00:45')",
"('31005', '00:15')",
"('31005', '00:30')",
"('31005', '00:45')",
"('31007', '00:15')",
"('31007', '00:30')",
"('31009', '00:15')",
"('31009', '00:30')",
"('31009', '00:45')",
"('3101', '00:15')",
"('3101', '00:45')",
"('31010', '00:30')",
"('31012', '00:30')",
"('31012', '00:45')",
"('31013', '00:15')",
"('31013', '00:30')",
"('31016', '00:15')",
"('31016', '00:30')",
"('31016', '00:45')",
"('31017', '00:15')",
"('31017', '00:30')",
"('31017', '00:45')",
"('31018', '00:15')",
"('31018', '00:45')",
"('31019', '00:30')",
"('31019', '00:45')",
"('3102', '00:15')",
"('3102', '00:30')",
"('3102', '00:45')",
"('31020', '00:15')",
"('31020', '00:30')",
"('31020', '00:45')",
"('31021', '00:15')",
"('31021', '00:30')",
"('31021', '00:45')",
"('31022', '00:15')",
"('31022', '00:30')",
"('31022', '00:45')",
"('31023', '00:30')",
"('31023', '00:45')",
"('31024', '00:15')",
"('31024', '00:30')",
"('31024', '00:45')",
"('31025', '00:15')",
"('31025', '00:45')",
"('31026', '00:15')",
"('31026', '00:45')",
"('31028', '00:15')",
"('31028', '00:30')",
"('31028', '00:45')",
"('31101', '00:15')",
"('31101', '00:45')",
"('31102', '00:15')",
"('31102', '00:30')",
"('31102', '00:45')",
"('31103', '00:15')",
"('31103', '00:30')",
"('31103', '00:45')",
"('31104', '00:15')",
"('31104', '00:30')",
"('31104', '00:45')",
"('31105', '00:15')",
"('31105', '00:30')",
"('31105', '00:45')",
"('31201', '00:15')",
"('31201', '00:30')",
"('31201', '00:45')",
"('31202', '00:15')",
"('31202', '00:30')",
"('31202', '00:45')",
"('31301', '00:15')",
"('31301', '00:30')",
"('31301', '00:45')",
"('31303', '00:15')",
"('31303', '00:30')",
"('31303', '00:45')",
"('31701', '00:15')",
"('31701', '00:30')",
"('31701', '00:45')",
"('31702', '00:30')",
"('31702', '00:45')",
"('31703', '00:30')",
"('31703', '00:45')",
"('31704', '00:15')",
"('31704', '00:30')",
"('31705', '00:30')",
"('31706', '00:15')",
"('31706', '00:30')",
"('31706', '00:45')",
"('31707', '00:15')",
"('31707', '00:30')",
"('31707', '00:45')",
"('31708', '00:15')",
"('31708', '00:30')",
"('31708', '00:45')",
"('31709', '00:15')",
"('31709', '00:45')",
"('32001', '00:15')",
"('32001', '00:30')",
"('32001', '00:45')",
"('32003', '00:15')",
"('32003', '00:30')",
"('32004', '00:15')",
"('32004', '00:30')",
"('32004', '00:45')",
"('3201', '00:15')",
"('3201', '00:30')",
"('3201', '00:45')",
"('32010', '00:30')",
"('32010', '00:45')",
"('32011', '00:15')",
"('32011', '00:30')",
"('32011', '00:45')",
"('32012', '00:15')",
"('32012', '00:45')",
"('32013', '00:15')",
"('32013', '00:30')",
"('32013', '00:45')",
"('32014', '00:30')",
"('32014', '00:45')",
"('32015', '00:15')",
"('32015', '00:30')",
"('32015', '00:45')",
"('32016', '00:15')",
"('32016', '00:30')",
"('32016', '00:45')",
"('32017', '00:15')",
"('32017', '00:30')",
"('32017', '00:45')",
"('32018', '00:15')",
"('32018', '00:30')",
"('32019', '00:15')",
"('32019', '00:30')",
"('32019', '00:45')",
"('32020', '00:15')",
"('32020', '00:30')",
"('32020', '00:45')",
"('32021', '00:15')",
"('32021', '00:30')",
"('32021', '00:45')",
"('32022', '00:15')",
"('32022', '00:30')",
"('32022', '00:45')",
"('32023', '00:15')",
"('32023', '00:30')",
"('32023', '00:45')",
"('32024', '00:15')",
"('32024', '00:30')",
"('32024', '00:45')",
"('32026', '00:15')",
"('32026', '00:30')",
"('32026', '00:45')",
"('32301', '00:30')",
"('32301', '00:45')",
"('32302', '00:15')",
"('32302', '00:30')",
"('32302', '00:45')",
"('32304', '00:15')",
"('32304', '00:30')",
"('32304', '00:45')",
"('32305', '00:15')",
"('32305', '00:30')",
"('32305', '00:45')",
"('32306', '00:15')",
"('32306', '00:30')",
"('32306', '00:45')",
"('32601', '00:15')",
"('32601', '00:30')",
"('32601', '00:45')",
"('32603', '00:15')",
"('32603', '00:30')",
"('32604', '00:15')",
"('32604', '00:30')",
"('32604', '00:45')",
"('32605', '00:15')",
"('32605', '00:30')",
"('32605', '00:45')",
"('33001', '00:30')",
"('33001', '00:45')",
"('33003', '00:15')",
"('33003', '00:30')",
"('33005', '00:30')",
"('33006', '00:15')",
"('33006', '00:30')",
"('33006', '00:45')",
"('33009', '00:15')",
"('33009', '00:30')",
"('33012', '00:15')",
"('33012', '00:45')",
"('33014', '00:30')",
"('33014', '00:45')",
"('33015', '00:15')",
"('33015', '00:45')",
"('33016', '00:15')",
"('33016', '00:30')",
"('33016', '00:45')",
"('33017', '00:15')",
"('33017', '00:30')",
"('33017', '00:45')",
"('33018', '00:15')",
"('33018', '00:30')",
"('33018', '00:45')",
"('33019', '00:15')",
"('33019', '00:30')",
"('33019', '00:45')",
"('33020', '00:15')",
"('33020', '00:30')",
"('33020', '00:45')",
"('33102', '00:15')",
"('33102', '00:30')",
"('33102', '00:45')",
"('33103', '00:15')",
"('33103', '00:30')",
"('33103', '00:45')",
"('34002', '00:30')",
"('34002', '00:45')",
"('34005', '00:15')",
"('34005', '00:45')",
"('34008', '00:15')",
"('34008', '00:30')",
"('34008', '00:45')",
"('34009', '00:15')",
"('34009', '00:30')",
"('34009', '00:45')",
"('34010', '00:15')",
"('34010', '00:30')",
"('34010', '00:45')",
"('34011', '00:15')",
"('34011', '00:30')",
"('34011', '00:45')",
"('34012', '00:15')",
"('34012', '00:30')",
"('34012', '00:45')",
"('34013', '00:15')",
"('34013', '00:30')",
"('34013', '00:45')",
"('34014', '00:15')",
"('34014', '00:30')",
"('34014', '00:45')",
"('35001', '00:15')",
"('35001', '00:30')",
"('35001', '00:45')",
"('35002', '00:15')",
"('35002', '00:30')",
"('35002', '00:45')",
"('35003', '00:15')",
"('35003', '00:30')",
"('35003', '00:45')",
"('35004', '00:15')",
"('35004', '00:30')",
"('35004', '00:45')",
"('35005', '00:15')",
"('35005', '00:30')",
"('35005', '00:45')",
"('35006', '00:15')",
"('35006', '00:30')",
"('35006', '00:45')",
"('35007', '00:15')",
"('35007', '00:30')",
"('35007', '00:45')",
"('35008', '00:15')",
"('35008', '00:30')",
"('35008', '00:45')",
"('35009', '00:15')",
"('35009', '00:30')",
"('35009', '00:45')",
"('35012', '00:15')",
"('35012', '00:30')",
"('35012', '00:45')",
"('35013', '00:15')",
"('35013', '00:30')",
"('35013', '00:45')",
"('35014', '00:15')",
"('35014', '00:30')",
"('35014', '00:45')",
"('35015', '00:15')",
"('35015', '00:30')",
"('35015', '00:45')",
"('35017', '00:15')",
"('35017', '00:30')",
"('35017', '00:45')",
"('35018', '00:15')",
"('35018', '00:30')",
"('35018', '00:45')",
"('35019', '00:30')",
"('35019', '00:45')",
"('35020', '00:15')",
"('35020', '00:30')",
"('35020', '00:45')",
"('35021', '00:15')",
"('35021', '00:30')",
"('35021', '00:45')",
"('40001', '00:15')",
"('40001', '00:30')",
"('40001', '00:45')",
"('40002', '00:15')",
"('40002', '00:30')",
"('40002', '00:45')",
"('40003', '00:15')",
"('40003', '00:30')",
"('40003', '00:45')",
"('40004', '00:15')",
"('40004', '00:30')",
"('40004', '00:45')",
"('40005', '00:15')",
"('40005', '00:30')",
"('40005', '00:45')",
"('40006', '00:15')",
"('40006', '00:45')",
"('40007', '00:15')",
"('40007', '00:30')",
"('40007', '00:45')",
"('40008', '00:15')",
"('40008', '00:30')",
"('40008', '00:45')",
"('40009', '00:30')",
"('40009', '00:45')",
"('4001', '00:30')",
"('4001', '00:45')",
"('40010', '00:15')",
"('40010', '00:30')",
"('40010', '00:45')",
"('40011', '00:15')",
"('40011', '00:30')",
"('40011', '00:45')",
"('40012', '00:15')",
"('40012', '00:30')",
"('40012', '00:45')",
"('40013', '00:15')",
"('40013', '00:45')",
"('40014', '00:15')",
"('40014', '00:45')",
"('40015', '00:15')",
"('40015', '00:30')",
"('40015', '00:45')",
"('40016', '00:15')",
"('40016', '00:30')",
"('40016', '00:45')",
"('4002', '00:15')",
"('4002', '00:30')",
"('4002', '00:45')",
"('4003', '00:15')",
"('4003', '00:30')",
"('4003', '00:45')",
"('4006', '00:30')",
"('4006', '00:45')",
"('4007', '00:15')",
"('4007', '00:30')",
"('4007', '00:45')",
"('4009', '00:15')",
"('4009', '00:30')",
"('4009', '00:45')",
"('4010', '00:15')",
"('4010', '00:30')",
"('4010', '00:45')",
"('4011', '00:15')",
"('4011', '00:30')",
"('4012', '00:15')",
"('4012', '00:30')",
"('4012', '00:45')",
"('4013', '00:30')",
"('4013', '00:45')",
"('4014', '00:15')",
"('4014', '00:30')",
"('4014', '00:45')",
"('4015', '00:15')",
"('4015', '00:30')",
"('4015', '00:45')",
"('4016', '00:15')",
"('4016', '00:30')",
"('4016', '00:45')",
"('4017', '00:15')",
"('4018', '00:15')",
"('4018', '00:30')",
"('4018', '00:45')",
"('4019', '00:15')",
"('4019', '00:30')",
"('4019', '00:45')",
"('4020', '00:15')",
"('4020', '00:30')",
"('4020', '00:45')",
"('4021', '00:15')",
"('4021', '00:45')",
"('4101', '00:15')",
"('4101', '00:30')",
"('4101', '00:45')",
"('4103', '00:45')",
"('4104', '00:15')",
"('4104', '00:30')",
"('4104', '00:45')",
"('4107', '00:15')",
"('4107', '00:30')",
"('4107', '00:45')",
"('4108', '00:15')",
"('4108', '00:30')",
"('4108', '00:45')",
"('4109', '00:15')",
"('4109', '00:30')",
"('4109', '00:45')",
"('4110', '00:30')",
"('4110', '00:45')",
"('41101', '00:15')",
"('41101', '00:30')",
"('41101', '00:45')",
"('41102', '00:15')",
"('41102', '00:30')",
"('41103', '00:15')",
"('41103', '00:30')",
"('41103', '00:45')",
"('41202', '00:15')",
"('41202', '00:30')",
"('41202', '00:45')",
"('41203', '00:15')",
"('41203', '00:30')",
"('41203', '00:45')",
"('41204', '00:15')",
"('41204', '00:30')",
"('41205', '00:30')",
"('41205', '00:45')",
"('41206', '00:15')",
"('41206', '00:30')",
"('41207', '00:15')",
"('41207', '00:30')",
"('41207', '00:45')",
"('41208', '00:15')",
"('41208', '00:30')",
"('41208', '00:45')",
"('41209', '00:15')",
"('41209', '00:30')",
"('41209', '00:45')",
"('41210', '00:15')",
"('41210', '00:30')",
"('41210', '00:45')",
"('41211', '00:15')",
"('41211', '00:30')",
"('41211', '00:45')",
"('41212', '00:15')",
"('41212', '00:30')",
"('41212', '00:45')",
"('41301', '00:15')",
"('41301', '00:30')",
"('41301', '00:45')",
"('41302', '00:15')",
"('41302', '00:30')",
"('41302', '00:45')",
"('41303', '00:15')",
"('41303', '00:30')",
"('41303', '00:45')",
"('41304', '00:15')",
"('41304', '00:30')",
"('41304', '00:45')",
"('41401', '00:15')",
"('41401', '00:30')",
"('41401', '00:45')",
"('41402', '00:15')",
"('41402', '00:30')",
"('41402', '00:45')",
"('41403', '00:30')",
"('41403', '00:45')",
"('41404', '00:15')",
"('41404', '00:30')",
"('41405', '00:15')",
"('41405', '00:30')",
"('41405', '00:45')",
"('41601', '00:15')",
"('41601', '00:30')",
"('41601', '00:45')",
"('41602', '00:30')",
"('41602', '00:45')",
"('41604', '00:15')",
"('41604', '00:30')",
"('41604', '00:45')",
"('41605', '00:15')",
"('41605', '00:45')",
"('41606', '00:15')",
"('41606', '00:30')",
"('42003', '00:15')",
"('42003', '00:30')",
"('42003', '00:45')",
"('42004', '00:15')",
"('42004', '00:30')",
"('42004', '00:45')",
"('4201', '00:30')",
"('4201', '00:45')",
"('42010', '00:15')",
"('42010', '00:30')",
"('42011', '00:15')",
"('42011', '00:45')",
"('42014', '00:15')",
"('42014', '00:30')",
"('42014', '00:45')",
"('42015', '00:15')",
"('42015', '00:30')",
"('42015', '00:45')",
"('42016', '00:15')",
"('42016', '00:30')",
"('42016', '00:45')",
"('42018', '00:15')",
"('42018', '00:30')",
"('42018', '00:45')",
"('42019', '00:15')",
"('42019', '00:30')",
"('42019', '00:45')",
"('42021', '00:30')",
"('42021', '00:45')",
"('42022', '00:15')",
"('42022', '00:30')",
"('42022', '00:45')",
"('42024', '00:30')",
"('42024', '00:45')",
"('42026', '00:15')",
"('42026', '00:30')",
"('42026', '00:45')",
"('42027', '00:15')",
"('42027', '00:30')",
"('42027', '00:45')",
"('42028', '00:15')",
"('42028', '00:30')",
"('42028', '00:45')",
"('42029', '00:30')",
"('42029', '00:45')",
"('42030', '00:15')",
"('42030', '00:30')",
"('42030', '00:45')",
"('42205', '00:15')",
"('42205', '00:30')",
"('42205', '00:45')",
"('42208', '00:15')",
"('42208', '00:30')",
"('42208', '00:45')",
"('42209', '00:15')",
"('42209', '00:30')",
"('42209', '00:45')",
"('42210', '00:15')",
"('42210', '00:30')",
"('42210', '00:45')",
"('42211', '00:15')",
"('42211', '00:45')",
"('42301', '00:30')",
"('42301', '00:45')",
"('42302', '00:15')",
"('42302', '00:30')",
"('42303', '00:30')",
"('42304', '00:15')",
"('42304', '00:45')",
"('42305', '00:15')",
"('42305', '00:30')",
"('42305', '00:45')",
"('42501', '00:30')",
"('42501', '00:45')",
"('42503', '00:15')",
"('42503', '00:30')",
"('42503', '00:45')",
"('42504', '00:15')",
"('42504', '00:30')",
"('42505', '00:15')",
"('42505', '00:30')",
"('42505', '00:45')",
"('42701', '00:15')",
"('42701', '00:45')",
"('42703', '00:15')",
"('42703', '00:30')",
"('42704', '00:15')",
"('42704', '00:30')",
"('42704', '00:45')",
"('42706', '00:15')",
"('42706', '00:30')",
"('42706', '00:45')",
"('42707', '00:15')",
"('42707', '00:30')",
"('43001', '00:30')",
"('43001', '00:45')",
"('43002', '00:15')",
"('43002', '00:30')",
"('43002', '00:45')",
"('43003', '00:15')",
"('43003', '00:30')",
"('43003', '00:45')",
"('43004', '00:15')",
"('43004', '00:30')",
"('43005', '00:15')",
"('43005', '00:30')",
"('43005', '00:45')",
"('43006', '00:15')",
"('43006', '00:30')",
"('43006', '00:45')",
"('43007', '00:15')",
"('43007', '00:30')",
"('43007', '00:45')",
"('43008', '00:15')",
"('43008', '00:30')",
"('43008', '00:45')",
"('43009', '00:15')",
"('43009', '00:30')",
"('43009', '00:45')",
"('43402', '00:15')",
"('43402', '00:30')",
"('43402', '00:45')",
"('43403', '00:15')",
"('43403', '00:30')",
"('43403', '00:45')",
"('44001', '00:15')",
"('44001', '00:30')",
"('44001', '00:45')",
"('44002', '00:15')",
"('44002', '00:45')",
"('44003', '00:15')",
"('44003', '00:30')",
"('44003', '00:45')",
"('44004', '00:15')",
"('44004', '00:30')",
"('44004', '00:45')",
"('44005', '00:15')",
"('44005', '00:45')",
"('44006', '00:15')",
"('44006', '00:30')",
"('44006', '00:45')",
"('44007', '00:15')",
"('44007', '00:30')",
"('44007', '00:45')",
"('44008', '00:15')",
"('44008', '00:30')",
"('44010', '00:15')",
"('44010', '00:30')",
"('44010', '00:45')",
"('44011', '00:30')",
"('44011', '00:45')",
"('44012', '00:30')",
"('44012', '00:45')",
"('44013', '00:15')",
"('44013', '00:30')",
"('44013', '00:45')",
"('44014', '00:15')",
"('44014', '00:45')",
"('44015', '00:15')",
"('44015', '00:30')",
"('44015', '00:45')",
"('44016', '00:15')",
"('44016', '00:30')",
"('44016', '00:45')",
"('44017', '00:15')",
"('44017', '00:30')",
"('44017', '00:45')",
"('44101', '00:30')",
"('44101', '00:45')",
"('44102', '00:15')",
"('44102', '00:30')",
"('44102', '00:45')",
"('44103', '00:15')",
"('44103', '00:30')",
"('44103', '00:45')",
"('45001', '00:30')",
"('45001', '00:45')",
"('45002', '00:15')",
"('45002', '00:30')",
"('45002', '00:45')",
"('45003', '00:15')",
"('45003', '00:30')",
"('45003', '00:45')",
"('45004', '00:15')",
"('45004', '00:30')",
"('45004', '00:45')",
"('45005', '00:15')",
"('45005', '00:30')",
"('45005', '00:45')",
"('46001', '00:15')",
"('46001', '00:30')",
"('46001', '00:45')",
"('46002', '00:15')",
"('46002', '00:30')",
"('46002', '00:45')",
"('47001', '00:15')",
"('47001', '00:30')",
"('47001', '00:45')",
"('47002', '00:15')",
"('47002', '00:30')",
"('47002', '00:45')",
"('47004', '00:15')",
"('47004', '00:30')",
"('47005', '00:15')",
"('47005', '00:30')",
"('47005', '00:45')",
"('47007', '00:15')",
"('47007', '00:30')",
"('47007', '00:45')",
"('47008', '00:15')",
"('47008', '00:30')",
"('47008', '00:45')",
"('48001', '00:15')",
"('48001', '00:30')",
"('48001', '00:45')",
"('48002', '00:30')",
"('48002', '00:45')",
"('48003', '00:15')",
"('48003', '00:30')",
"('48003', '00:45')",
"('48004', '00:15')",
"('48004', '00:45')",
"('48005', '00:15')",
"('48005', '00:30')",
"('48006', '00:15')",
"('48006', '00:30')",
"('48006', '00:45')",
"('48008', '00:15')",
"('48008', '00:30')",
"('48009', '00:15')",
"('48009', '00:30')",
"('48009', '00:45')",
"('48010', '00:15')",
"('48010', '00:30')",
"('48010', '00:45')",
"('48011', '00:15')",
"('48011', '00:30')",
"('48011', '00:45')",
"('48012', '00:15')",
"('48012', '00:30')",
"('48012', '00:45')",
"('5001', '00:15')",
"('5001', '00:30')",
"('5001', '00:45')",
"('5002', '00:30')",
"('5002', '00:45')",
"('5003', '00:15')",
"('5003', '00:30')",
"('5003', '00:45')",
"('5004', '00:15')",
"('5004', '00:30')",
"('5004', '00:45')",
"('5005', '00:15')",
"('5005', '00:30')",
"('5005', '00:45')",
"('5007', '00:15')",
"('5007', '00:30')",
"('5007', '00:45')",
"('5012', '00:30')",
"('5012', '00:45')",
"('5014', '00:15')",
"('5014', '00:30')",
"('5014', '00:45')",
"('5015', '00:15')",
"('5015', '00:30')",
"('5015', '00:45')",
"('5016', '00:15')",
"('5016', '00:30')",
"('5016', '00:45')",
"('5018', '00:15')",
"('5018', '00:30')",
"('5018', '00:45')",
"('5019', '00:30')",
"('5019', '00:45')",
"('5020', '00:15')",
"('5020', '00:30')",
"('5020', '00:45')",
"('5021', '00:15')",
"('5021', '00:30')",
"('5021', '00:45')",
"('5022', '00:15')",
"('5022', '00:30')",
"('5022', '00:45')",
"('5024', '00:15')",
"('5024', '00:30')",
"('5024', '00:45')",
"('5026', '00:15')",
"('5026', '00:30')",
"('5026', '00:45')",
"('5027', '00:15')",
"('5027', '00:30')",
"('5027', '00:45')",
"('5028', '00:15')",
"('5028', '00:30')",
"('5028', '00:45')",
"('5030', '00:15')",
"('5030', '00:30')",
"('5030', '00:45')",
"('5031', '00:15')",
"('5031', '00:30')",
"('5031', '00:45')",
"('5032', '00:15')",
"('5032', '00:30')",
"('5032', '00:45')",
"('5033', '00:15')",
"('5033', '00:30')",
"('5033', '00:45')",
"('5034', '00:15')",
"('5034', '00:30')",
"('5034', '00:45')",
"('51001', '00:15')",
"('51001', '00:45')",
"('51002', '00:15')",
"('51002', '00:30')",
"('51002', '00:45')",
"('51003', '00:30')",
"('51003', '00:45')",
"('51004', '00:15')",
"('51004', '00:30')",
"('51005', '00:15')",
"('51005', '00:30')",
"('51005', '00:45')",
"('51007', '00:15')",
"('51007', '00:30')",
"('51007', '00:45')",
"('51008', '00:15')",
"('51008', '00:30')",
"('51008', '00:45')",
"('5105', '00:15')",
"('5105', '00:30')",
"('5105', '00:45')",
"('5107', '00:15')",
"('5107', '00:30')",
"('5107', '00:45')",
"('5110', '00:15')",
"('5110', '00:30')",
"('5110', '00:45')",
"('5115', '00:15')",
"('5115', '00:45')",
"('5116', '00:15')",
"('5116', '00:30')",
"('5116', '00:45')",
"('5119', '00:15')",
"('5119', '00:30')",
"('5119', '00:45')",
"('5121', '00:45')",
"('5122', '00:30')",
"('5123', '00:15')",
"('5123', '00:30')",
"('5123', '00:45')",
"('5124', '00:15')",
"('5124', '00:30')",
"('5124', '00:45')",
"('5201', '00:15')",
"('5201', '00:30')",
"('5201', '00:45')",
"('5202', '00:15')",
"('5202', '00:30')",
"('5202', '00:45')",
"('6001', '00:15')",
"('6001', '00:30')",
"('6001', '00:45')",
"('6002', '00:30')",
"('6002', '00:45')",
"('6003', '00:15')",
"('6003', '00:30')",
"('6003', '00:45')",
"('6004', '00:15')",
"('6004', '00:45')",
"('6005', '00:15')",
"('6005', '00:30')",
"('6005', '00:45')",
"('6006', '00:15')",
"('6006', '00:30')",
"('6006', '00:45')",
"('6007', '00:15')",
"('6007', '00:30')",
"('6007', '00:45')",
"('6008', '00:30')",
"('6008', '00:45')",
"('6009', '00:15')",
"('6009', '00:30')",
"('6009', '00:45')",
"('6010', '00:15')",
"('6010', '00:30')",
"('6010', '00:45')",
"('6012', '00:30')",
"('6012', '00:45')",
"('6013', '00:30')",
"('6014', '00:15')",
"('6014', '00:30')",
"('6014', '00:45')",
"('6015', '00:15')",
"('6015', '00:30')",
"('6015', '00:45')",
"('6016', '00:30')",
"('6016', '00:45')",
"('6017', '00:15')",
"('6017', '00:30')",
"('6017', '00:45')",
"('6018', '00:15')",
"('6018', '00:30')",
"('6018', '00:45')",
"('6020', '00:15')",
"('6020', '00:30')",
"('6020', '00:45')",
"('6021', '00:15')",
"('6021', '00:30')",
"('6021', '00:45')",
"('6022', '00:15')",
"('6022', '00:30')",
"('6022', '00:45')",
"('6025', '00:15')",
"('6025', '00:30')",
"('6025', '00:45')",
"('6026', '00:15')",
"('6026', '00:30')",
"('6026', '00:45')",
"('6027', '00:15')",
"('6027', '00:30')",
"('6027', '00:45')",
"('6028', '00:15')",
"('6028', '00:30')",
"('6028', '00:45')",
"('6029', '00:15')",
"('6029', '00:30')",
"('6029', '00:45')",
"('6030', '00:15')",
"('6030', '00:30')",
"('6032', '00:15')",
"('6032', '00:30')",
"('6032', '00:45')",
"('6103', '00:30')",
"('6103', '00:45')",
"('6104', '00:15')",
"('6104', '00:30')",
"('6104', '00:45')",
"('6107', '00:30')",
"('6107', '00:45')",
"('6108', '00:15')",
"('6108', '00:30')",
"('6108', '00:45')",
"('6201', '00:15')",
"('6201', '00:30')",
"('6201', '00:45')",
"('7002', '00:15')",
"('7002', '00:30')",
"('7002', '00:45')",
"('7003', '00:15')",
"('7003', '00:30')",
"('7003', '00:45')",
"('7004', '00:15')",
"('7004', '00:30')",
"('7004', '00:45')",
"('7005', '00:15')",
"('7005', '00:30')",
"('7005', '00:45')",
"('7006', '00:15')",
"('7006', '00:30')",
"('7006', '00:45')",
"('7007', '00:15')",
"('7007', '00:30')",
"('7007', '00:45')",
"('7008', '00:15')",
"('7008', '00:30')",
"('7009', '00:15')",
"('7009', '00:30')",
"('7010', '00:15')",
"('7010', '00:30')",
"('7010', '00:45')",
"('7012', '00:30')",
"('7012', '00:45')",
"('7013', '00:15')",
"('7013', '00:30')",
"('7013', '00:45')",
"('7014', '00:15')",
"('7014', '00:30')",
"('7014', '00:45')",
"('7015', '00:15')",
"('7015', '00:30')",
"('7015', '00:45')",
"('7016', '00:15')",
"('7016', '00:30')",
"('7017', '00:15')",
"('7017', '00:30')",
"('7017', '00:45')",
"('7018', '00:15')",
"('7018', '00:30')",
"('7018', '00:45')",
"('7020', '00:15')",
"('7020', '00:30')",
"('7020', '00:45')",
"('7021', '00:30')",
"('7021', '00:45')",
"('7023', '00:15')",
"('7023', '00:30')",
"('7023', '00:45')",
"('7024', '00:15')",
"('7024', '00:30')",
"('7024', '00:45')",
"('7025', '00:15')",
"('7025', '00:30')",
"('7025', '00:45')",
"('7026', '00:15')",
"('7026', '00:45')",
"('7101', '00:30')",
"('7101', '00:45')",
"('7102', '00:15')",
"('7102', '00:30')",
"('7109', '00:15')",
"('7109', '00:30')",
"('7109', '00:45')",
"('7111', '00:15')",
"('7111', '00:30')",
"('7111', '00:45')",
"('7201', '00:15')",
"('7201', '00:30')",
"('7201', '00:45')",
"('7202', '00:15')",
"('7202', '00:45')",
"('8001', '00:30')",
"('8001', '00:45')",
"('8002', '00:15')",
"('8002', '00:30')",
"('8002', '00:45')",
"('8003', '00:15')",
"('8003', '00:30')",
"('8003', '00:45')",
"('8004', '00:15')",
"('8004', '00:30')",
"('8004', '00:45')",
"('8007', '00:15')",
"('8007', '00:30')",
"('8007', '00:45')",
"('8008', '00:15')",
"('8008', '00:30')",
"('8008', '00:45')",
"('8009', '00:15')",
"('8009', '00:30')",
"('8009', '00:45')",
"('8010', '00:15')",
"('8010', '00:30')",
"('8010', '00:45')",
"('8011', '00:15')",
"('8011', '00:30')",
"('8011', '00:45')",
"('8012', '00:30')",
"('8012', '00:45')",
"('8015', '00:30')",
"('8015', '00:45')",
"('8016', '00:15')",
"('8016', '00:30')",
"('8016', '00:45')",
"('8017', '00:15')",
"('8017', '00:30')",
"('8017', '00:45')",
"('8018', '00:15')",
"('8018', '00:30')",
"('8018', '00:45')",
"('8019', '00:15')",
"('8019', '00:30')",
"('8019', '00:45')",
"('8020', '00:15')",
"('8020', '00:45')",
"('8025', '00:30')",
"('8025', '00:45')",
"('8026', '00:15')",
"('8026', '00:30')",
"('8026', '00:45')",
"('8028', '00:15')",
"('8028', '00:30')",
"('8028', '00:45')",
"('8029', '00:15')",
"('8029', '00:30')",
"('8029', '00:45')",
"('8031', '00:15')",
"('8031', '00:30')",
"('8031', '00:45')",
"('8033', '00:15')",
"('8033', '00:30')",
"('8033', '00:45')",
"('8034', '00:15')",
"('8034', '00:30')",
"('8034', '00:45')",
"('8035', '00:15')",
"('8035', '00:30')",
"('8035', '00:45')",
"('8036', '00:15')",
"('8036', '00:30')",
"('8037', '00:15')",
"('8037', '00:45')",
"('8038', '00:15')",
"('8038', '00:30')",
"('8038', '00:45')",
"('8039', '00:15')",
"('8039', '00:30')",
"('8039', '00:45')",
"('8040', '00:15')",
"('8040', '00:30')",
"('8040', '00:45')",
"('8044', '00:15')",
"('8044', '00:30')",
"('8044', '00:45')",
"('8045', '00:30')",
"('8045', '00:45')",
"('8046', '00:15')",
"('8046', '00:30')",
"('8046', '00:45')",
"('8048', '00:15')",
"('8048', '00:30')",
"('8048', '00:45')",
"('8049', '00:15')",
"('8049', '00:30')",
"('8049', '00:45')",
"('8050', '00:15')",
"('8050', '00:30')",
"('8050', '00:45')",
"('8051', '00:15')",
"('8051', '00:30')",
"('8052', '00:15')",
"('8052', '00:30')",
"('8052', '00:45')",
"('8053', '00:15')",
"('8053', '00:30')",
"('8053', '00:45')",
"('8054', '00:15')",
"('8054', '00:30')",
"('8054', '00:45')",
"('8055', '00:30')",
"('8055', '00:45')",
"('8056', '00:15')",
"('8056', '00:30')",
"('8056', '00:45')",
"('8057', '00:15')",
"('8057', '00:30')",
"('8057', '00:45')",
"('8102', '00:30')",
"('8102', '00:45')",
"('8103', '00:15')",
"('8103', '00:30')",
"('8103', '00:45')",
"('8105', '00:15')",
"('8105', '00:45')",
"('8110', '00:15')",
"('8110', '00:45')",
"('8117', '00:15')",
"('8117', '00:30')",
"('8117', '00:45')",
"('8201', '00:15')",
"('8201', '00:30')",
"('8201', '00:45')",
"('8202', '00:15')",
"('8202', '00:30')",
"('8202', '00:45')",
"('8203', '00:15')",
"('8203', '00:30')",
"('8203', '00:45')",
"('8549', '00:15')",
"('8549', '00:30')",
"('8549', '00:45')",
"('9001', '00:15')",
"('9001', '00:30')",
"('9001', '00:45')",
"('9002', '00:15')",
"('9002', '00:30')",
"('9002', '00:45')",
"('9004', '00:15')",
"('9004', '00:30')",
"('9004', '00:45')",
"('9005', '00:30')",
"('9005', '00:45')",
"('9006', '00:15')",
"('9006', '00:30')",
"('9006', '00:45')",
"('9007', '00:30')",
"('9007', '00:45')",
"('9008', '00:15')",
"('9008', '00:30')",
"('9008', '00:45')",
"('9009', '00:15')",
"('9009', '00:45')",
"('9010', '00:15')",
"('9010', '00:30')",
"('9010', '00:45')",
"('9011', '00:30')",
"('9011', '00:45')",
"('9012', '00:15')",
"('9012', '00:30')",
"('9012', '00:45')",
"('9013', '00:15')",
"('9013', '00:30')",
"('9013', '00:45')",
"('9014', '00:15')",
"('9014', '00:30')",
"('9014', '00:45')",
"('9015', '00:15')",
"('9015', '00:30')",
"('9015', '00:45')",
"('9016', '00:15')",
"('9016', '00:45')",
"('9017', '00:15')",
"('9017', '00:30')",
"('9019', '00:15')",
"('9019', '00:30')",
"('9019', '00:45')",
"('9020', '00:15')",
"('9020', '00:30')",
"('9020', '00:45')",
"('9021', '00:30')",
"('9021', '00:45')",
"('9022', '00:15')",
"('9022', '00:30')",
"('9022', '00:45')",
"('9023', '00:30')",
"('9023', '00:45')",
"('9024', '00:30')",
"('9024', '00:45')",
"('9025', '00:15')",
"('9025', '00:30')",
"('9025', '00:45')",
"('9026', '00:30')",
"('9026', '00:45')",
"('9027', '00:15')",
"('9027', '00:30')",
"('9027', '00:45')",
"('9028', '00:15')",
"('9028', '00:30')",
"('9028', '00:45')",
"('9029', '00:15')",
"('9029', '00:30')",
"('9029', '00:45')",
"('9031', '00:15')",
"('9031', '00:30')",
"('9032', '00:15')",
"('9032', '00:30')",
"('9034', '00:15')",
"('9034', '00:30')",
"('9034', '00:45')",
"('9035', '00:15')",
"('9035', '00:30')",
"('9035', '00:45')",
"('9036', '00:15')",
"('9036', '00:30')",
"('9036', '00:45')",
"('9037', '00:30')",
"('9037', '00:45')",
"('9038', '00:15')",
"('9038', '00:30')",
"('9038', '00:45')",
"('9039', '00:15')",
"('9039', '00:30')",
"('9039', '00:45')",
"('9101', '00:15')",
"('9101', '00:30')",
"('9101', '00:45')",
"('9102', '00:30')",
"('9102', '00:45')",
"('9104', '00:15')",
"('9104', '00:30')",
"('9104', '00:45')",
"('9106', '00:15')",
"('9106', '00:30')",
"('9106', '00:45')",
"('9111', '00:15')",
"('9111', '00:30')",
"('9111', '00:45')",
"('9113', '00:15')",
"('9113', '00:30')",
"('9114', '00:15')",
"('9114', '00:45')",
"('9115', '00:30')",
"('9115', '00:45')",
"('9116', '00:15')",
"('9116', '00:30')",
"('9116', '00:45')",
"('9117', '00:15')",
"('9117', '00:30')",
"('9117', '00:45')",
"('9118', '00:30')",
"('9118', '00:45')",
"('92001', '00:15')",
"('92001', '00:30')",
"('92001', '00:45')",
"('92002', '00:15')",
"('92002', '00:30')",
"('92002', '00:45')",
"('92003', '00:15')",
"('92003', '00:30')",
"('92003', '00:45')",
"('92005', '00:15')",
"('92005', '00:45')",
"('92006', '00:15')",
"('92006', '00:30')",
"('92006', '00:45')",
"('92007', '00:15')",
"('92007', '00:30')",
"('92007', '00:45')",
"('92008', '00:30')",
"('92008', '00:45')",
